method_id,candidate_id,store,store_fingerprint,price_fingerprint,trial_n,funded,capital_idr,start,end,total_return,recorded_total_return,reproduced,yearly_return,spy_yearly_return,lead,beats_spy,max_drawdown,profit_factor,trades,sharpe,sr_daily,t,skew,kurt,n_at_run,var_trials,dsr,recorded_dsr,era_yearly,era_spy_yearly,era_edge,wf_won,wf_scored,wf_majority,wf_stable
M0069,M0069-L60-N20,dev,fd2bc190e915b0528be1520bc35ae562c5567608f581481d6e329d9143dfa753,5451195fd552e208eaadfc6bc89241b9b8e3e6ccb0f4c447a84bbc4f32e7d90a,219,1,10000000,1996-01-03,2015-10-16,317.5412439876974,317.5412439876974,1,0.09010611177857702,0.07188024428159473,0.018225867496982295,1,0.7142128500806513,1.6067094975991776,839,0.5431447645470405,0.03421490411662388,4983,-0.25318922094940394,9.80151926391056,48,0.00020150087127104692,0.5592898866861264,0.5592898866861264,0.2176525024869369,0.16603067288718054,0.051621829599756364,2,4,0,1
M0069,M0069-L60-N20,survivorship,9de544767f3d110decd97270c8f9b0973f6b5bff4243f60e18527f64380da621,60adae1bdd885e7685389d850677fc60b14f76bce8abbaaab56377de209d2464,219,1,10000000,1996-01-03,2015-10-16,253.06085969005375,317.5412439876974,,0.0704432760740979,0.07188024428159473,-0.001436968207496836,0,0.6887027117875032,1.4030981339669135,872,0.46453799434220233,0.02926314303738558,4983,-0.2609108193438651,9.177420192661161,48,0.00020150087127104692,0.4212968703328531,0.5592898866861264,0.166536508902839,0.16603067288718054,0.0005058360156584563,1,4,0,0
M0069,M0069-L36-N20,dev,fd2bc190e915b0528be1520bc35ae562c5567608f581481d6e329d9143dfa753,5451195fd552e208eaadfc6bc89241b9b8e3e6ccb0f4c447a84bbc4f32e7d90a,220,1,10000000,1996-01-03,2015-10-16,349.42574048106104,349.42574048106104,1,0.09826236671410835,0.07188024428159473,0.026382122432513616,1,0.7248475731976858,1.6350907816729812,1137,0.5463950942343786,0.03441965564118719,4983,-0.17100908705485204,10.87852184867771,48,0.00020150087127104692,0.5650309702338048,0.5650309702338048,0.2280429728129194,0.16603067288718054,0.06201229992573887,2,4,0,1
M0069,M0069-L36-N20,survivorship,9de544767f3d110decd97270c8f9b0973f6b5bff4243f60e18527f64380da621,60adae1bdd885e7685389d850677fc60b14f76bce8abbaaab56377de209d2464,220,1,10000000,1996-01-03,2015-10-16,259.2703306010238,349.42574048106104,,0.07256662322381505,0.07188024428159473,0.000686378942220317,1,0.7336484854638612,1.4418200893379325,1238,0.43064045563153835,0.027127798811537995,4983,-0.08539136550726173,10.395386411076581,48,0.00020150087127104692,0.36334947650451405,0.5650309702338048,0.2203531932207723,0.16603067288718054,0.05432252033359175,1,4,0,0
M0069,M0069-L60-N30,dev,fd2bc190e915b0528be1520bc35ae562c5567608f581481d6e329d9143dfa753,5451195fd552e208eaadfc6bc89241b9b8e3e6ccb0f4c447a84bbc4f32e7d90a,221,1,10000000,1996-01-03,2015-10-16,264.30854727213426,264.30854727213426,1,0.07424818975169234,0.07188024428159473,0.00236794547009761,1,0.7148639421320754,1.680055366334247,1167,0.500106597205886,0.03150375441022665,4983,-0.29757686567376096,10.792377628898102,48,0.00020150087127104692,0.48360213655309975,0.48360213655309975,0.19402372212382568,0.16603067288718054,0.02799304923664514,2,4,0,1
M0069,M0069-L60-N30,survivorship,9de544767f3d110decd97270c8f9b0973f6b5bff4243f60e18527f64380da621,60adae1bdd885e7685389d850677fc60b14f76bce8abbaaab56377de209d2464,221,1,10000000,1996-01-03,2015-10-16,266.48031804108484,264.30854727213426,,0.07496206692806426,0.07188024428159473,0.0030818226464695286,1,0.6978888202276203,1.4421307809149317,1254,0.49201504565112325,0.03099403457368962,4983,-0.21941697626808568,9.453701387016935,48,0.00020150087127104692,0.4693136149736591,0.48360213655309975,0.18858173550112167,0.16603067288718054,0.02255106261394113,1,4,0,0
M0069,M0069-L60-N20-T,dev,fd2bc190e915b0528be1520bc35ae562c5567608f581481d6e329d9143dfa753,5451195fd552e208eaadfc6bc89241b9b8e3e6ccb0f4c447a84bbc4f32e7d90a,222,1,10000000,1996-01-03,2015-10-16,346.6834236012264,346.6834236012264,1,0.09759340479046033,0.07188024428159473,0.0257131605088656,1,0.33800368745593146,1.8488584900552028,702,0.7050848857148726,0.04441617287599866,4983,-0.438004230030137,10.632196158071443,48,0.00020150087127104692,0.8050232397808889,0.8050232397808889,0.14257369340270976,0.16603067288718054,-0.023456979484470786,2,4,0,1
M0069,M0069-L60-N20-T,survivorship,9de544767f3d110decd97270c8f9b0973f6b5bff4243f60e18527f64380da621,60adae1bdd885e7685389d850677fc60b14f76bce8abbaaab56377de209d2464,222,1,10000000,1996-01-03,2015-10-16,298.85291396025696,346.6834236012264,,0.08489721259121275,0.07188024428159473,0.013016968309618016,1,0.3914755564971033,1.7265108594923813,711,0.6066011466146035,0.038212280451163386,4983,-0.49937216216522073,10.973053413665248,48,0.00020150087127104692,0.6654287523732534,0.8050232397808889,0.12344892559187137,0.16603067288718054,-0.04258174729530917,1,4,0,0
M0069,M0069-W60-N20,dev,fd2bc190e915b0528be1520bc35ae562c5567608f581481d6e329d9143dfa753,5451195fd552e208eaadfc6bc89241b9b8e3e6ccb0f4c447a84bbc4f32e7d90a,223,1,10000000,1996-01-03,2015-10-16,261.6993654254071,261.6993654254071,1,0.0733818462899049,0.07188024428159473,0.0015016020083101767,1,0.7387084505689817,1.5387524782416286,674,0.42697034821705176,0.02689660377573728,4983,0.10362992589021779,12.007926476038376,48,0.00020150087127104692,0.35692484933021285,0.35692484933021285,0.2098719371113702,0.16603067288718054,0.04384126422418966,2,4,0,1
M0069,M0069-W60-N20,survivorship,9de544767f3d110decd97270c8f9b0973f6b5bff4243f60e18527f64380da621,60adae1bdd885e7685389d850677fc60b14f76bce8abbaaab56377de209d2464,223,1,10000000,1996-01-03,2015-10-16,230.41936832853264,261.6993654254071,,0.062174861418259356,0.07188024428159473,-0.009705382863335374,0,0.6984974007692174,1.3705050360013393,748,0.3792715485818532,0.023891861831188875,4983,0.23538368267893442,12.550169730719698,48,0.00020150087127104692,0.2810305251728098,0.35692484933021285,0.17313919987058868,0.16603067288718054,0.007108526983408137,1,4,0,0
M0007,M0007-N20,dev,fd2bc190e915b0528be1520bc35ae562c5567608f581481d6e329d9143dfa753,5451195fd552e208eaadfc6bc89241b9b8e3e6ccb0f4c447a84bbc4f32e7d90a,81,0,20000000,1996-01-03,2015-10-16,6.5042318176158584,6.5042318176158584,1,0.10722954274017504,0.07915122950111875,0.028078313239056296,1,0.16872288239911104,1.844833954104968,1734,0.8050838829601416,0.050715517591875744,4983,-0.40716603421729497,9.391412078423729,85,,,0.7775034204473696,0.11681807662495691,0.16603067288718054,-0.04921259626222363,3,4,1,1
M0007,M0007-N20,survivorship,9de544767f3d110decd97270c8f9b0973f6b5bff4243f60e18527f64380da621,60adae1bdd885e7685389d850677fc60b14f76bce8abbaaab56377de209d2464,81,0,20000000,1996-01-03,2015-10-16,6.729791189414057,6.5042318176158584,,0.108887994669435,0.07915122950111875,0.029736765168316248,1,0.16000788599207375,1.8080341307688834,1809,0.8180028941556443,0.051529338801593376,4983,-0.37794110439628226,8.85120249239987,85,,,0.7775034204473696,0.13659409817485324,0.16603067288718054,-0.0294365747123273,3,4,1,0
M0007,M0007-N10,dev,fd2bc190e915b0528be1520bc35ae562c5567608f581481d6e329d9143dfa753,5451195fd552e208eaadfc6bc89241b9b8e3e6ccb0f4c447a84bbc4f32e7d90a,82,0,20000000,1996-01-03,2015-10-16,5.715623648662274,5.715623648662274,1,0.1010337937152126,0.07915122950111875,0.021882564214093847,1,0.19718598649738106,1.7333469802567885,959,0.6959615853331806,0.04384145897252005,4983,-0.36410097095358124,10.897707845032802,85,,,0.6123828390662445,0.12997826900988807,0.16603067288718054,-0.03605240387729247,3,4,1,1
M0007,M0007-N10,survivorship,9de544767f3d110decd97270c8f9b0973f6b5bff4243f60e18527f64380da621,60adae1bdd885e7685389d850677fc60b14f76bce8abbaaab56377de209d2464,82,0,20000000,1996-01-03,2015-10-16,5.517059463501119,5.715623648662274,,0.0993649368970051,0.07915122950111875,0.02021370739588635,1,0.21366102275291765,1.645090717848224,1013,0.6870996790933799,0.043283211352222586,4983,-0.5213789081184347,11.227528971493221,85,,,0.6123828390662445,0.12066011889263062,0.16603067288718054,-0.04537055399454992,3,4,1,0
M0007,M0007-N30,dev,fd2bc190e915b0528be1520bc35ae562c5567608f581481d6e329d9143dfa753,5451195fd552e208eaadfc6bc89241b9b8e3e6ccb0f4c447a84bbc4f32e7d90a,83,0,20000000,1996-01-03,2015-10-16,6.6702677133069095,6.6702677133069095,1,0.10845484989486964,0.07915122950111875,0.029303620393750895,1,0.17257129149051503,2.010285170420512,2368,0.8735312578468367,0.055027296921527656,4983,-0.39932633774479087,8.949502835611053,85,,,0.8561618118373289,0.1341063868514092,0.16603067288718054,-0.031924286035771354,3,4,1,1
M0007,M0007-N30,survivorship,9de544767f3d110decd97270c8f9b0973f6b5bff4243f60e18527f64380da621,60adae1bdd885e7685389d850677fc60b14f76bce8abbaaab56377de209d2464,83,0,20000000,1996-01-03,2015-10-16,6.292235675540031,6.6702677133069095,,0.10562709083207134,0.07915122950111875,0.026475861330952588,1,0.17668214136976687,1.8587642671918578,2539,0.8449187544781531,0.053224878628658004,4983,-0.427769356115207,8.596261384181744,85,,,0.8561618118373289,0.12243107044159429,0.16603067288718054,-0.04359960244558625,3,4,1,0
M0007,M0007-N20-RAW,dev,fd2bc190e915b0528be1520bc35ae562c5567608f581481d6e329d9143dfa753,5451195fd552e208eaadfc6bc89241b9b8e3e6ccb0f4c447a84bbc4f32e7d90a,84,0,20000000,1996-01-03,2015-10-16,15.022440168246849,15.022440168246849,1,0.15049982334079526,0.07915122950111875,0.07134859383967651,1,0.19586867724812915,2.162716663882094,1596,0.9415179650334398,0.05931005691376431,4983,-0.2835789123860868,8.771463187303963,85,,,0.9137573992873155,0.19297848015627395,0.16603067288718054,0.026947807269093405,3,4,1,1
M0007,M0007-N20-RAW,survivorship,9de544767f3d110decd97270c8f9b0973f6b5bff4243f60e18527f64380da621,60adae1bdd885e7685389d850677fc60b14f76bce8abbaaab56377de209d2464,84,0,20000000,1996-01-03,2015-10-16,11.497923601066379,15.022440168246849,,0.13614508530062652,0.07915122950111875,0.056993855799507775,1,0.23459156307915,1.9310409097351855,1626,0.8502502547283893,0.05356073157572959,4983,-0.28612224363031474,8.606617402854926,85,,,0.9137573992873155,0.18083116229263152,0.16603067288718054,0.014800489405450978,3,4,1,0
M0007,M0007-N20-NOTREND,dev,fd2bc190e915b0528be1520bc35ae562c5567608f581481d6e329d9143dfa753,5451195fd552e208eaadfc6bc89241b9b8e3e6ccb0f4c447a84bbc4f32e7d90a,85,0,20000000,1996-01-03,2015-10-16,5.474935095779137,5.474935095779137,1,0.09900469686744362,0.07915122950111875,0.019853467366324873,1,0.5099480465554813,1.4503921385054708,2332,0.5747438438890433,0.03620545901180333,4983,-0.2888778050366122,8.997319129149234,85,,,0.40172917146548065,0.15380415625539312,0.16603067288718054,-0.01222651663178742,3,4,1,1
M0007,M0007-N20-NOTREND,survivorship,9de544767f3d110decd97270c8f9b0973f6b5bff4243f60e18527f64380da621,60adae1bdd885e7685389d850677fc60b14f76bce8abbaaab56377de209d2464,85,0,20000000,1996-01-03,2015-10-16,4.831532056491559,5.474935095779137,,0.0932069464632137,0.07915122950111875,0.014055716962094955,1,0.5586107352577409,1.38046748451394,2424,0.536615321537301,0.03380358786892047,4983,1.0798730933446352,35.48334710271517,85,,,0.40172917146548065,0.164513923775917,0.16603067288718054,-0.0015167491112635378,3,4,1,0
M0011,M0011-RAW20-TV12,dev,fd2bc190e915b0528be1520bc35ae562c5567608f581481d6e329d9143dfa753,5451195fd552e208eaadfc6bc89241b9b8e3e6ccb0f4c447a84bbc4f32e7d90a,86,0,20000000,1996-01-03,2015-10-16,3.5923351964122876,3.5923351964122876,1,0.08008750205773985,0.07915122950111875,0.0009362725566210983,1,0.13326797471515114,1.9647635300940784,1575,0.8377892220995373,0.05277576030394377,4983,-0.6095535593745318,9.002179240491797,90,,,0.8106495874759774,0.1034577814634432,0.16603067288718054,-0.06257289142373734,2,4,0,1
M0011,M0011-RAW20-TV12,survivorship,9de544767f3d110decd97270c8f9b0973f6b5bff4243f60e18527f64380da621,60adae1bdd885e7685389d850677fc60b14f76bce8abbaaab56377de209d2464,86,0,20000000,1996-01-03,2015-10-16,2.953688825911372,3.5923351964122876,,0.07194448066713144,0.07915122950111875,-0.007206748833987309,0,0.14247920791363788,1.789721854725161,1595,0.7726231664688212,0.04867068465818464,4983,-0.5212050519964821,8.788102758176866,90,,,0.8106495874759774,0.09216362054101745,0.16603067288718054,-0.07386705234616309,2,4,0,1
M0011,M0011-RAW20-TV14,dev,fd2bc190e915b0528be1520bc35ae562c5567608f581481d6e329d9143dfa753,5451195fd552e208eaadfc6bc89241b9b8e3e6ccb0f4c447a84bbc4f32e7d90a,87,0,20000000,1996-01-03,2015-10-16,4.777041398186235,4.777041398186235,1,0.09268837583698009,0.07915122950111875,0.013537146335861339,1,0.1539547744977402,1.9650722571213062,1583,0.8426083848553901,0.05307933902250402,4983,-0.5871957828646016,9.095372285311463,90,,,0.81639339717403,0.11987043328343061,0.16603067288718054,-0.04616023960374993,2,4,0,1
M0011,M0011-RAW20-TV14,survivorship,9de544767f3d110decd97270c8f9b0973f6b5bff4243f60e18527f64380da621,60adae1bdd885e7685389d850677fc60b14f76bce8abbaaab56377de209d2464,87,0,20000000,1996-01-03,2015-10-16,3.924530938772218,4.777041398186235,,0.08390663150101285,0.07915122950111875,0.004755401999894104,1,0.16909032706927998,1.8150985408412195,1607,0.7850720705961133,0.04945489190618759,4983,-0.5152970761770541,8.824347634689026,90,,,0.81639339717403,0.11341502127379233,0.16603067288718054,-0.052615651613388215,2,4,0,1
M0011,M0011-RAW20-TV16,dev,fd2bc190e915b0528be1520bc35ae562c5567608f581481d6e329d9143dfa753,5451195fd552e208eaadfc6bc89241b9b8e3e6ccb0f4c447a84bbc4f32e7d90a,88,0,20000000,1996-01-03,2015-10-16,6.52262905545354,6.52262905545354,1,0.10736657135804561,0.07915122950111875,0.028215341856926868,1,0.16315243524859818,2.0321435088267132,1587,0.878600004814541,0.055346597967604626,4983,-0.5722397197285805,9.766222554798333,90,,,0.8549934031238595,0.14104389866049472,0.16603067288718054,-0.024986774226685826,2,4,0,1
M0011,M0011-RAW20-TV16,survivorship,9de544767f3d110decd97270c8f9b0973f6b5bff4243f60e18527f64380da621,60adae1bdd885e7685389d850677fc60b14f76bce8abbaaab56377de209d2464,88,0,20000000,1996-01-03,2015-10-16,5.159350824958174,6.52262905545354,,0.09623285495958922,0.07915122950111875,0.017081625458470473,1,0.19434320703412233,1.8429057889564087,1616,0.7999028137169211,0.05038914090751976,4983,-0.5728648648476795,10.803656059226887,90,,,0.8549934031238595,0.13068267022047309,0.16603067288718054,-0.035348002666707456,2,4,0,1
M0011,M0011-RAW30-TV14,dev,fd2bc190e915b0528be1520bc35ae562c5567608f581481d6e329d9143dfa753,5451195fd552e208eaadfc6bc89241b9b8e3e6ccb0f4c447a84bbc4f32e7d90a,89,0,20000000,1996-01-03,2015-10-16,4.329149341003304,4.329149341003304,1,0.08824086533801556,0.07915122950111875,0.009089635836896814,1,0.16243202683827385,2.01115974020104,2184,0.8442258806959726,0.0531812316830006,4983,-0.6903887646971985,10.611578065008505,90,,,0.8174981849885884,0.11443198583399927,0.16603067288718054,-0.05159868705318127,2,4,0,1
M0011,M0011-RAW30-TV14,survivorship,9de544767f3d110decd97270c8f9b0973f6b5bff4243f60e18527f64380da621,60adae1bdd885e7685389d850677fc60b14f76bce8abbaaab56377de209d2464,89,0,20000000,1996-01-03,2015-10-16,3.8909803538100247,4.329149341003304,,0.08353220388123028,0.07915122950111875,0.004380974380111535,1,0.16638230503983198,1.8887628183555654,2242,0.8133292487740578,0.05123492681598015,4983,-0.6382130401001926,9.994188315093202,90,,,0.8174981849885884,0.10940311679975423,0.16603067288718054,-0.05662755608742631,2,4,0,1
M0011,M0011-RAW20-TV14-N21,dev,fd2bc190e915b0528be1520bc35ae562c5567608f581481d6e329d9143dfa753,5451195fd552e208eaadfc6bc89241b9b8e3e6ccb0f4c447a84bbc4f32e7d90a,90,0,20000000,1996-01-03,2015-10-16,6.601965843303558,6.601965843303558,1,0.1079538761723926,0.07915122950111875,0.028802646671273857,1,0.14146784031816745,2.0339652158414396,1588,0.9263098412009216,0.05835203516212771,4983,-0.5292891751210942,8.140993660267076,90,,,0.8974466395413563,0.13296479334169997,0.16603067288718054,-0.03306587954548057,2,4,0,1
M0011,M0011-RAW20-TV14-N21,survivorship,9de544767f3d110decd97270c8f9b0973f6b5bff4243f60e18527f64380da621,60adae1bdd885e7685389d850677fc60b14f76bce8abbaaab56377de209d2464,90,0,20000000,1996-01-03,2015-10-16,5.344793610819216,6.601965843303558,,0.09787752342266676,0.07915122950111875,0.01872629392154801,1,0.16685130061767683,1.8777573106845302,1620,0.8610371507390465,0.05424024215340815,4983,-0.43973515504716293,7.99590254909651,90,,,0.8974466395413563,0.1270151662796699,0.16603067288718054,-0.03901550660751063,2,4,0,1
M0019,M0019-RAW20-S15,dev,fd2bc190e915b0528be1520bc35ae562c5567608f581481d6e329d9143dfa753,5451195fd552e208eaadfc6bc89241b9b8e3e6ccb0f4c447a84bbc4f32e7d90a,101,0,20000000,1996-01-03,2015-10-16,9.500593748389598,9.500593748389598,1,0.1261903035028895,0.07915122950111875,0.047039074001770764,1,0.18555102174457513,1.7646777051138012,1723,0.8695530480121745,0.05477669325758085,4983,-0.4774513209608927,7.743546816536698,104,,,0.8588028140898092,0.1537105142356332,0.16603067288718054,-0.012320158651547342,3,4,1,0
M0019,M0019-RAW20-S15,survivorship,9de544767f3d110decd97270c8f9b0973f6b5bff4243f60e18527f64380da621,60adae1bdd885e7685389d850677fc60b14f76bce8abbaaab56377de209d2464,101,0,20000000,1996-01-03,2015-10-16,6.590254676448739,9.500593748389598,,0.10786754931605413,0.07915122950111875,0.028716319814935387,1,0.24480352544864373,1.5801175847303681,1783,0.7563325190284461,0.04764447032905434,4983,-0.46646877749999466,7.436151761904783,104,,,0.8588028140898092,0.1421654849417573,0.16603067288718054,-0.02386518794542325,2,4,0,0
M0019,M0019-RAW20-S20,dev,fd2bc190e915b0528be1520bc35ae562c5567608f581481d6e329d9143dfa753,5451195fd552e208eaadfc6bc89241b9b8e3e6ccb0f4c447a84bbc4f32e7d90a,102,0,20000000,1996-01-03,2015-10-16,11.228832629850853,11.228832629850853,1,0.1348959593420862,0.07915122950111875,0.055744729840967455,1,0.20300066587506857,1.8598563430208257,1664,0.8879981600768347,0.05593862610110082,4983,-0.3556552949133077,8.276707447144192,104,,,0.8767480927793914,0.17213898427103125,0.16603067288718054,0.006108311383850706,3,4,1,0
M0019,M0019-RAW20-S20,survivorship,9de544767f3d110decd97270c8f9b0973f6b5bff4243f60e18527f64380da621,60adae1bdd885e7685389d850677fc60b14f76bce8abbaaab56377de209d2464,102,0,20000000,1996-01-03,2015-10-16,8.478803302521365,11.228832629850853,,0.1203785196440521,0.07915122950111875,0.04122729014293336,1,0.24368338366521958,1.7065948569948615,1699,0.801707159844804,0.050502804029744386,4983,-0.3848283947831964,7.874234885852071,104,,,0.8767480927793914,0.16756682294628367,0.16603067288718054,0.0015361500591031252,2,4,0,0
M0019,M0019-RAW20-S25,dev,fd2bc190e915b0528be1520bc35ae562c5567608f581481d6e329d9143dfa753,5451195fd552e208eaadfc6bc89241b9b8e3e6ccb0f4c447a84bbc4f32e7d90a,103,0,20000000,1996-01-03,2015-10-16,12.956638002969704,12.956638002969704,1,0.14250159138951313,0.07915122950111875,0.06335036188839438,1,0.20656929443410882,2.0008702736092547,1633,0.9165875788092439,0.05773959019857259,4983,-0.34532678440378534,8.33994039838369,104,,,0.9004485465260565,0.18213708438677667,0.16603067288718054,0.01610641149959613,3,4,1,0
M0019,M0019-RAW20-S25,survivorship,9de544767f3d110decd97270c8f9b0973f6b5bff4243f60e18527f64380da621,60adae1bdd885e7685389d850677fc60b14f76bce8abbaaab56377de209d2464,103,0,20000000,1996-01-03,2015-10-16,9.202433152093372,12.956638002969704,,0.12455196253910228,0.07915122950111875,0.04540073303798353,1,0.24893971269797843,1.7941199377874721,1667,0.8101649933326874,0.05103559745925163,4983,-0.3506125236434597,8.023809284076956,104,,,0.9004485465260565,0.1753068183505162,0.16603067288718054,0.009276145463335661,2,4,0,0
M0019,M0019-TV14N21-S20,dev,fd2bc190e915b0528be1520bc35ae562c5567608f581481d6e329d9143dfa753,5451195fd552e208eaadfc6bc89241b9b8e3e6ccb0f4c447a84bbc4f32e7d90a,104,0,20000000,1996-01-03,2015-10-16,5.461583398923059,5.461583398923059,1,0.09889005103699078,0.07915122950111875,0.01973882153587203,1,0.12500146790834543,1.789277373659198,1657,0.8853472123958809,0.05577163209390011,4983,-0.5943427082857351,7.773060940153804,104,,,0.8728852717568223,0.11680486773916932,0.16603067288718054,-0.049225805148011226,3,4,1,0
M0019,M0019-TV14N21-S20,survivorship,9de544767f3d110decd97270c8f9b0973f6b5bff4243f60e18527f64380da621,60adae1bdd885e7685389d850677fc60b14f76bce8abbaaab56377de209d2464,104,0,20000000,1996-01-03,2015-10-16,4.413881237198801,5.461583398923059,,0.0891088048229347,0.07915122950111875,0.009957575321815959,1,0.1681291416358464,1.6726870689544315,1689,0.8194931591543498,0.05162321667240596,4983,-0.5260889817125219,7.631684804615998,104,,,0.8728852717568223,0.11440769758473834,0.16603067288718054,-0.0516229753024422,2,4,0,0
M0020,M0020-W-NOSTOP,dev,fd2bc190e915b0528be1520bc35ae562c5567608f581481d6e329d9143dfa753,5451195fd552e208eaadfc6bc89241b9b8e3e6ccb0f4c447a84bbc4f32e7d90a,105,0,20000000,1996-01-03,2015-10-16,15.647934091688192,15.647934091688192,1,0.15272872612839294,0.07915122950111875,0.0735774966272742,1,0.19267719124509194,2.107059931999674,1620,0.9381821396726596,0.05909991966800738,4983,-0.25258711764728753,8.65843066915035,107,,,0.9143575652641522,0.18989148171788672,0.16603067288718054,0.02386080883070618,3,4,1,1
M0020,M0020-W-NOSTOP,survivorship,9de544767f3d110decd97270c8f9b0973f6b5bff4243f60e18527f64380da621,60adae1bdd885e7685389d850677fc60b14f76bce8abbaaab56377de209d2464,105,0,20000000,1996-01-03,2015-10-16,12.678395744664506,15.647934091688192,,0.14133940505835518,0.07915122950111875,0.062188175557236436,1,0.2341548172049484,1.8661337624837255,1664,0.8614469519396964,0.05426605720254836,4983,-0.24056168227325336,8.510606452863668,107,,,0.9143575652641522,0.17380146205850489,0.16603067288718054,0.007770789171324344,3,4,1,1
M0020,M0020-W-S20,dev,fd2bc190e915b0528be1520bc35ae562c5567608f581481d6e329d9143dfa753,5451195fd552e208eaadfc6bc89241b9b8e3e6ccb0f4c447a84bbc4f32e7d90a,106,0,20000000,1996-01-03,2015-10-16,12.734955079973588,12.734955079973588,1,0.14157745334098637,0.07915122950111875,0.06242622383986762,1,0.18877612377728303,1.861710030971138,1744,0.8926266699093783,0.056230194814379485,4983,-0.289213092209025,8.35182587985137,107,,,0.8784805271577811,0.1797716087906276,0.16603067288718054,0.013740935903447049,3,4,1,1
M0020,M0020-W-S20,survivorship,9de544767f3d110decd97270c8f9b0973f6b5bff4243f60e18527f64380da621,60adae1bdd885e7685389d850677fc60b14f76bce8abbaaab56377de209d2464,106,0,20000000,1996-01-03,2015-10-16,10.276513306205487,12.734955079973588,,0.13025526986052194,0.07915122950111875,0.05110404035940319,1,0.2342600826479263,1.6667590027477914,1831,0.815332527743814,0.05136112152932895,4983,-0.3164254822273635,8.070941697744331,107,,,0.8784805271577811,0.16518115354072793,0.16603067288718054,-0.0008495193464526096,3,4,1,1
M0020,M0020-W-TV14N21-S20,dev,fd2bc190e915b0528be1520bc35ae562c5567608f581481d6e329d9143dfa753,5451195fd552e208eaadfc6bc89241b9b8e3e6ccb0f4c447a84bbc4f32e7d90a,107,0,20000000,1996-01-03,2015-10-16,5.5261288101122235,5.5261288101122235,1,0.0994422070221892,0.07915122950111875,0.020290977521070452,1,0.1620557936504376,1.7644574033463118,1737,0.8661388433728036,0.05456161858137092,4983,-0.5942811559626516,7.643228574208999,107,,,0.8515613593646109,0.11326537122440694,0.16603067288718054,-0.0527653016627736,3,4,1,1
M0020,M0020-W-TV14N21-S20,survivorship,9de544767f3d110decd97270c8f9b0973f6b5bff4243f60e18527f64380da621,60adae1bdd885e7685389d850677fc60b14f76bce8abbaaab56377de209d2464,107,0,20000000,1996-01-03,2015-10-16,4.654226384257954,5.5261288101122235,,0.09150234369442667,0.07915122950111875,0.012351114193307922,1,0.16800167798292284,1.6243982348135322,1822,0.8059871209395921,0.05077241623635985,4983,-0.5251975949534039,7.519371218375015,107,,,0.8515613593646109,0.1054970649390603,0.16603067288718054,-0.06053360794812024,3,4,1,1
M0021,M0021-B50-RAW,dev,fd2bc190e915b0528be1520bc35ae562c5567608f581481d6e329d9143dfa753,5451195fd552e208eaadfc6bc89241b9b8e3e6ccb0f4c447a84bbc4f32e7d90a,111,0,20000000,1996-01-03,2015-10-16,6.685259059944261,6.685259059944261,1,0.1085642399060851,0.07915122950111875,0.029413010404966355,1,0.13739090821747105,2.2530014890039225,2736,1.0221413331158429,0.06438885171867925,4983,-0.27561070804075183,9.278136904204974,113,0.0002470863067644187,0.9523308597859951,0.9523308597859951,0.1436726832821127,0.16603067288718054,-0.02235798960506785,2,4,0,1
M0021,M0021-B50-RAW,survivorship,9de544767f3d110decd97270c8f9b0973f6b5bff4243f60e18527f64380da621,60adae1bdd885e7685389d850677fc60b14f76bce8abbaaab56377de209d2464,111,0,20000000,1996-01-03,2015-10-16,5.599039752014823,6.685259059944261,,0.10005972384358941,0.07915122950111875,0.020908494342470663,1,0.145750195466465,2.0972894629082903,2869,0.9730728468720883,0.06129782762793225,4983,-0.34811881544949114,9.321617178969007,113,0.0002470863067644187,0.9265446146522283,0.9523308597859951,0.1378295729920529,0.16603067288718054,-0.028201099895127646,2,4,0,1
M0021,M0021-B50-TV14,dev,fd2bc190e915b0528be1520bc35ae562c5567608f581481d6e329d9143dfa753,5451195fd552e208eaadfc6bc89241b9b8e3e6ccb0f4c447a84bbc4f32e7d90a,112,0,20000000,1996-01-03,2015-10-16,4.278516166760396,4.278516166760396,1,0.08771593573291492,0.07915122950111875,0.00856470623179617,1,0.1260513332761495,2.2198127124639244,2686,1.0423570845508432,0.06566232435828302,4983,-0.4947242821106339,9.054419409806826,113,0.0002470863067644187,0.9594246602251951,0.9594246602251951,0.11501931631135354,0.16603067288718054,-0.051011356575827005,2,4,0,1
M0021,M0021-B50-TV14,survivorship,9de544767f3d110decd97270c8f9b0973f6b5bff4243f60e18527f64380da621,60adae1bdd885e7685389d850677fc60b14f76bce8abbaaab56377de209d2464,112,0,20000000,1996-01-03,2015-10-16,3.403099462617698,4.278516166760396,,0.07779291545650313,0.07915122950111875,-0.0013583140446156161,0,0.12911992049029153,2.062706263782074,2809,0.9752557090873846,0.06143533502240975,4983,-0.47294630809379196,9.129566975742158,113,0.0002470863067644187,0.9271316460110555,0.9594246602251951,0.1100141323003474,0.16603067288718054,-0.05601654058683314,2,4,0,1
M0021,M0021-B70-RAW,dev,fd2bc190e915b0528be1520bc35ae562c5567608f581481d6e329d9143dfa753,5451195fd552e208eaadfc6bc89241b9b8e3e6ccb0f4c447a84bbc4f32e7d90a,113,0,20000000,1996-01-03,2015-10-16,9.464724984068019,9.464724984068019,1,0.1259955650264739,0.07915122950111875,0.04684433552535516,1,0.1398422598783457,2.2509641073934255,2711,1.006531148017821,0.06340550248798832,4983,-0.26775868561527544,8.766120083183973,113,0.0002470863067644187,0.9452648376429216,0.9452648376429216,0.1643714180222855,0.16603067288718054,-0.0016592548648950434,2,4,0,1
M0021,M0021-B70-RAW,survivorship,9de544767f3d110decd97270c8f9b0973f6b5bff4243f60e18527f64380da621,60adae1bdd885e7685389d850677fc60b14f76bce8abbaaab56377de209d2464,113,0,20000000,1996-01-03,2015-10-16,7.552583101568743,9.464724984068019,,0.11457132325745611,0.07915122950111875,0.03542009375633737,1,0.16120922226525147,2.055197645299782,2831,0.9272005366246274,0.058408143699866945,4983,-0.2931155667694351,8.638196796249128,113,0.0002470863067644187,0.8948683227664191,0.9452648376429216,0.15709240516217204,0.16603067288718054,-0.008938267725008497,2,4,0,1
M0022,M0022-W-TV14,dev,fd2bc190e915b0528be1520bc35ae562c5567608f581481d6e329d9143dfa753,5451195fd552e208eaadfc6bc89241b9b8e3e6ccb0f4c447a84bbc4f32e7d90a,108,0,20000000,1996-01-03,2015-10-16,6.325294897700834,6.325294897700834,1,0.10587986916135894,0.07915122950111875,0.026728639660240194,1,0.1235974628328878,2.0408112991211897,1592,0.9399457541304774,0.059211016936198166,4983,-0.5129186656747332,7.3057209716975455,110,,,0.9122102223368624,0.13608407229399555,0.16603067288718054,-0.02994660059318499,2,4,0,0
M0022,M0022-W-TV14,survivorship,9de544767f3d110decd97270c8f9b0973f6b5bff4243f60e18527f64380da621,60adae1bdd885e7685389d850677fc60b14f76bce8abbaaab56377de209d2464,108,0,20000000,1996-01-03,2015-10-16,4.756557038735121,6.325294897700834,,0.09249223070940449,0.07915122950111875,0.013341001208285741,1,0.1617763049578558,1.8229071167947746,1625,0.8393619955217572,0.05287483571689261,4983,-0.44946638104040815,7.440485555141767,110,,,0.9122102223368624,0.12161492386746997,0.16603067288718054,-0.04441574901971057,2,4,0,0
M0022,M0022-W-TV16,dev,fd2bc190e915b0528be1520bc35ae562c5567608f581481d6e329d9143dfa753,5451195fd552e208eaadfc6bc89241b9b8e3e6ccb0f4c447a84bbc4f32e7d90a,109,0,20000000,1996-01-03,2015-10-16,7.891602309249128,7.891602309249128,1,0.11676324488072476,0.07915122950111875,0.03761201537960601,1,0.14307166714960845,2.064642045540292,1589,0.9451487465911588,0.059538774653443774,4983,-0.5261943357341926,7.855545603671246,110,,,0.9156233536577147,0.14586562551780413,0.16603067288718054,-0.02016504736937641,2,4,0,0
M0022,M0022-W-TV16,survivorship,9de544767f3d110decd97270c8f9b0973f6b5bff4243f60e18527f64380da621,60adae1bdd885e7685389d850677fc60b14f76bce8abbaaab56377de209d2464,109,0,20000000,1996-01-03,2015-10-16,5.686770637717778,7.891602309249128,,0.10079422782435543,0.07915122950111875,0.021642998323236684,1,0.17497449369214438,1.8409918501256437,1624,0.8331792191343973,0.05248535741372869,4983,-0.4824459326471517,8.624919511440265,110,,,0.9156233536577147,0.13430946282021683,0.16603067288718054,-0.03172121006696371,2,4,0,0
M0022,M0022-W-TV14-SW,dev,fd2bc190e915b0528be1520bc35ae562c5567608f581481d6e329d9143dfa753,5451195fd552e208eaadfc6bc89241b9b8e3e6ccb0f4c447a84bbc4f32e7d90a,110,0,20000000,1996-01-03,2015-10-16,3.843847334325795,3.843847334325795,1,0.08300205468196986,0.07915122950111875,0.003850825180851114,1,0.15607477042227616,1.6426948457370483,1761,0.7949747583247504,0.05007870259764196,4983,-0.6130599495479772,8.23828548888977,110,,,0.7646680116337924,0.08975542879201814,0.16603067288718054,-0.0762752440951624,2,4,0,0
M0022,M0022-W-TV14-SW,survivorship,9de544767f3d110decd97270c8f9b0973f6b5bff4243f60e18527f64380da621,60adae1bdd885e7685389d850677fc60b14f76bce8abbaaab56377de209d2464,110,0,20000000,1996-01-03,2015-10-16,3.198696698278834,3.843847334325795,,0.07520675595106074,0.07915122950111875,-0.003944473550058003,0,0.1694793413929296,1.5268311256291425,1788,0.7295617119876693,0.045958067999853795,4983,-0.5263512298398619,8.554617678441524,110,,,0.7646680116337924,0.07602649514575521,0.16603067288718054,-0.09000417774142533,2,4,0,0
M0029,M0029-B70-RAW-FRAC,dev,fd2bc190e915b0528be1520bc35ae562c5567608f581481d6e329d9143dfa753,5451195fd552e208eaadfc6bc89241b9b8e3e6ccb0f4c447a84bbc4f32e7d90a,124,0,20000000,1996-01-03,2015-10-16,11.159118526902244,11.159118526902244,1,0.13456808911314333,0.07915122950111875,0.05541685961202458,1,0.18191097774938247,2.163139741109503,2786,0.9717164744544112,0.06121238419692411,4983,-0.35938825322594675,9.861290163896353,123,0.0002349716723944868,0.9308808739177861,0.9308808739177861,0.16827781012838505,0.16603067288718054,0.002247137241204511,3,4,1,1
M0029,M0029-B70-RAW-FRAC,survivorship,9de544767f3d110decd97270c8f9b0973f6b5bff4243f60e18527f64380da621,60adae1bdd885e7685389d850677fc60b14f76bce8abbaaab56377de209d2464,124,0,20000000,1996-01-03,2015-10-16,9.173512324200065,11.159118526902244,,0.12439063675565643,0.07915122950111875,0.04523940725453768,1,0.19758483693712478,1.9911850387579608,2914,0.9029163700897203,0.05687838499872755,4983,-0.36196787347994797,9.416466967802434,123,0.0002349716723944868,0.8815311361659622,0.9308808739177861,0.16386736253784684,0.16603067288718054,-0.0021633103493337025,2,4,0,1
M0032,M0032-N20-RAW-FRAC-GT,dev,fd2bc190e915b0528be1520bc35ae562c5567608f581481d6e329d9143dfa753,5451195fd552e208eaadfc6bc89241b9b8e3e6ccb0f4c447a84bbc4f32e7d90a,129,1,10000000,1996-01-03,2015-10-16,554.9227319691738,554.9227319691738,1,0.13684210477219444,0.07188024428159473,0.06496186049059971,1,0.20649523233479192,1.9833563103925382,1607,0.8485302413410483,0.05345238091680962,4983,-0.3189595598906553,9.414292059574418,29,0.00023117746629871297,0.9388313161074138,0.9388313161074138,0.17713289566729018,0.16603067288718054,0.011102222780109638,3,4,1,1
M0032,M0032-N20-RAW-FRAC-GT,survivorship,9de544767f3d110decd97270c8f9b0973f6b5bff4243f60e18527f64380da621,60adae1bdd885e7685389d850677fc60b14f76bce8abbaaab56377de209d2464,129,1,10000000,1996-01-03,2015-10-16,457.39362925582367,554.9227319691738,,0.12086987283784076,0.07188024428159473,0.04898962855624603,1,0.2504944456446299,1.7840983990255737,1639,0.7516441786195027,0.04734913264372861,4983,-0.3131797347131933,8.909760461488359,29,0.00023117746629871297,0.8689017746915195,0.9388313161074138,0.16623120794709334,0.16603067288718054,0.00020053505991279863,3,4,1,1
M0033,M0033-TV22-N21,dev,fd2bc190e915b0528be1520bc35ae562c5567608f581481d6e329d9143dfa753,5451195fd552e208eaadfc6bc89241b9b8e3e6ccb0f4c447a84bbc4f32e7d90a,132,1,10000000,1996-01-03,2015-10-16,478.52060394933903,478.52060394933903,1,0.12461830860708922,0.07188024428159473,0.052738064325494494,1,0.1998432812918714,1.9414213457678158,1607,0.8450629867767853,0.05323396440944849,4983,-0.47689581137698617,9.89455708402607,30,0.00022528028054914588,0.9378166797132493,0.9378166797132493,0.15694929491969134,0.16603067288718054,-0.009081377967489201,3,4,1,1
M0033,M0033-TV22-N21,survivorship,9de544767f3d110decd97270c8f9b0973f6b5bff4243f60e18527f64380da621,60adae1bdd885e7685389d850677fc60b14f76bce8abbaaab56377de209d2464,132,1,10000000,1996-01-03,2015-10-16,398.94962252966263,478.52060394933903,,0.10944972318772855,0.07188024428159473,0.037569478906133824,1,0.22401444759321515,1.7425194697022615,1639,0.7595173090091175,0.04784509324016938,4983,-0.4264083891440403,9.787305479679588,30,0.00022528028054914588,0.8781451642179303,0.9378166797132493,0.14652516106290858,0.16603067288718054,-0.01950551182427196,2,4,0,0
M0033,M0033-TV20-N21,dev,fd2bc190e915b0528be1520bc35ae562c5567608f581481d6e329d9143dfa753,5451195fd552e208eaadfc6bc89241b9b8e3e6ccb0f4c447a84bbc4f32e7d90a,133,1,10000000,1996-01-03,2015-10-16,462.832422038916,462.832422038916,1,0.12185221436949656,0.07188024428159473,0.04997197008790183,1,0.19999670799636862,1.936461309011015,1607,0.846396346117763,0.05331795815288854,4983,-0.5354359477828816,10.182159781078955,30,0.00022528028054914588,0.9382213615042908,0.9382213615042908,0.15345609297294538,0.16603067288718054,-0.012574579914235162,3,4,1,1
M0033,M0033-TV20-N21,survivorship,9de544767f3d110decd97270c8f9b0973f6b5bff4243f60e18527f64380da621,60adae1bdd885e7685389d850677fc60b14f76bce8abbaaab56377de209d2464,133,1,10000000,1996-01-03,2015-10-16,382.3551706842574,462.832422038916,,0.10587691097500465,0.07188024428159473,0.03399666669340992,1,0.21936150980955035,1.7384540195685694,1639,0.7512690548537474,0.04732550206765662,4983,-0.48242803023594116,10.133079557228251,30,0.00022528028054914588,0.8703749345832403,0.9382213615042908,0.1430478478888424,0.16603067288718054,-0.022982824998338147,2,4,0,0
M0033,M0033-TV18-N21,dev,fd2bc190e915b0528be1520bc35ae562c5567608f581481d6e329d9143dfa753,5451195fd552e208eaadfc6bc89241b9b8e3e6ccb0f4c447a84bbc4f32e7d90a,134,1,10000000,1996-01-03,2015-10-16,429.74196535198075,429.74196535198075,1,0.11567448293396831,0.07188024428159473,0.043794238652373585,1,0.1993826565779895,1.9044944458272266,1607,0.8342431759092023,0.05255238039067788,4983,-0.5848206758875113,10.15523976939246,30,0.00022528028054914588,0.9312914330489463,0.9312914330489463,0.1452680365572252,0.16603067288718054,-0.020762636329955342,3,4,1,1
M0033,M0033-TV18-N21,survivorship,9de544767f3d110decd97270c8f9b0973f6b5bff4243f60e18527f64380da621,60adae1bdd885e7685389d850677fc60b14f76bce8abbaaab56377de209d2464,134,1,10000000,1996-01-03,2015-10-16,357.8320126566031,429.74196535198075,,0.10027797832480298,0.07188024428159473,0.02839773404320825,1,0.2112896810077603,1.7166145489328242,1639,0.7480213493199636,0.04712091584922822,4983,-0.521115592408205,9.996237198065273,30,0.00022528028054914588,0.8671574563498978,0.9312914330489463,0.13489544861306557,0.16603067288718054,-0.03113522427411497,2,4,0,0
M0033,M0033-TV14-N21,dev,fd2bc190e915b0528be1520bc35ae562c5567608f581481d6e329d9143dfa753,5451195fd552e208eaadfc6bc89241b9b8e3e6ccb0f4c447a84bbc4f32e7d90a,135,1,10000000,1996-01-03,2015-10-16,347.7160559166947,347.7160559166947,1,0.0978459790369477,0.07188024428159473,0.025965734755352965,1,0.16394196229702604,1.8244323066532868,1607,0.8167525669220659,0.0514505755892717,4983,-0.5729149430900666,8.690935829349286,30,0.00022528028054914588,0.9208489343802087,0.9208489343802087,0.12179237697905965,0.16603067288718054,-0.044238295908120895,3,4,1,1
M0033,M0033-TV14-N21,survivorship,9de544767f3d110decd97270c8f9b0973f6b5bff4243f60e18527f64380da621,60adae1bdd885e7685389d850677fc60b14f76bce8abbaaab56377de209d2464,135,1,10000000,1996-01-03,2015-10-16,303.9706777117737,347.7160559166947,,0.08635851117383322,0.07188024428159473,0.014478266892238495,1,0.18361842252208027,1.676318654092403,1639,0.7425892079723401,0.04677872310893482,4983,-0.4987609135677315,8.403330295589846,30,0.00022528028054914588,0.8622312730160127,0.9208489343802087,0.11542167307986273,0.16603067288718054,-0.05060899980731781,2,4,0,0
M0033,M0033-TV14-N63,dev,fd2bc190e915b0528be1520bc35ae562c5567608f581481d6e329d9143dfa753,5451195fd552e208eaadfc6bc89241b9b8e3e6ccb0f4c447a84bbc4f32e7d90a,136,1,10000000,1996-01-03,2015-10-16,308.31526599127653,308.31526599127653,1,0.08757796233263862,0.07188024428159473,0.01569771805104389,1,0.19427926960249564,1.7868133420173553,1607,0.7306933250052704,0.04602935291949576,4983,-0.6707705144686609,10.28869710179063,30,0.00022528028054914588,0.8494296446520202,0.8494296446520202,0.11062690589680302,0.16603067288718054,-0.05540376699037752,3,4,1,1
M0033,M0033-TV14-N63,survivorship,9de544767f3d110decd97270c8f9b0973f6b5bff4243f60e18527f64380da621,60adae1bdd885e7685389d850677fc60b14f76bce8abbaaab56377de209d2464,136,1,10000000,1996-01-03,2015-10-16,269.35473441522504,308.31526599127653,,0.07589702076741409,0.07188024428159473,0.004016776485819357,1,0.20108027089698588,1.630803629701409,1639,0.6575795258176487,0.04142361648955392,4983,-0.5972825163173596,9.940859890692613,30,0.00022528028054914588,0.7633350860126805,0.8494296446520202,0.10287429710099683,0.16603067288718054,-0.06315637578618372,2,4,0,0
M0063,M0063-N20-TREND,dev,fd2bc190e915b0528be1520bc35ae562c5567608f581481d6e329d9143dfa753,5451195fd552e208eaadfc6bc89241b9b8e3e6ccb0f4c447a84bbc4f32e7d90a,189,1,10000000,1996-01-03,2015-10-16,200.3127416804008,200.3127416804008,1,0.049633918609136934,0.07188024428159473,-0.022246325672457795,0,0.35444245698245164,1.2716257975491048,1930,0.41479777061250195,0.026129803462492718,4983,-0.5264829705939478,8.279728310795077,42,0.00018415551313321588,0.3938717217382611,0.3938717217382611,0.10074180952844625,0.16603067288718054,-0.0652888633587343,3,4,1,0
M0063,M0063-N20-TREND,survivorship,9de544767f3d110decd97270c8f9b0973f6b5bff4243f60e18527f64380da621,60adae1bdd885e7685389d850677fc60b14f76bce8abbaaab56377de209d2464,189,1,10000000,1996-01-03,2015-10-16,227.8695489176655,200.3127416804008,,0.061186777970684225,0.07188024428159473,-0.010693466310910504,0,0.32633151871452243,1.340991778586211,1927,0.4576034254424524,0.02882630625742915,4983,-0.5481596428736528,8.126404155763263,42,0.00018415551313321588,0.4680250206981896,0.3938717217382611,0.10357947285156088,0.16603067288718054,-0.06245120003561966,1,4,0,1
M0063,M0063-N20-ALWAYS,dev,fd2bc190e915b0528be1520bc35ae562c5567608f581481d6e329d9143dfa753,5451195fd552e208eaadfc6bc89241b9b8e3e6ccb0f4c447a84bbc4f32e7d90a,190,1,10000000,1996-01-03,2015-10-16,326.08807193093696,326.08807193093696,1,0.0923773442379216,0.07188024428159473,0.02049709995632687,1,0.7268791792780978,1.3894213873341081,1889,0.509030393694192,0.03206590074971756,4983,-0.2084963842992508,17.187399850238755,42,0.00018415551313321588,0.5584105972970802,0.5584105972970802,0.233610687663506,0.16603067288718054,0.06758001477632547,3,4,1,0
M0063,M0063-N20-ALWAYS,survivorship,9de544767f3d110decd97270c8f9b0973f6b5bff4243f60e18527f64380da621,60adae1bdd885e7685389d850677fc60b14f76bce8abbaaab56377de209d2464,190,1,10000000,1996-01-03,2015-10-16,287.34682851938356,326.08807193093696,,0.08150859585775788,0.07188024428159473,0.009628351576163152,1,0.8006018580254007,1.2997088087629274,1915,0.4446309997547229,0.02800912025097667,4983,1.0258846107654245,36.61117904495702,42,0.00018415551313321588,0.44427557165348414,0.5584105972970802,0.24381738942386244,0.16603067288718054,0.0777867165366819,1,4,0,1
M0063,M0063-N30-TREND,dev,fd2bc190e915b0528be1520bc35ae562c5567608f581481d6e329d9143dfa753,5451195fd552e208eaadfc6bc89241b9b8e3e6ccb0f4c447a84bbc4f32e7d90a,191,1,10000000,1996-01-03,2015-10-16,183.18918728168543,183.18918728168543,1,0.0414987216885284,0.07188024428159473,-0.030381522593066326,0,0.32607054955122305,1.2260338105446378,2671,0.4139515164459422,0.0260764944608103,4983,-0.5382595782382538,8.706264148173005,42,0.00018415551313321588,0.3924534110972648,0.3924534110972648,0.07850527418819597,0.16603067288718054,-0.08752539869898457,3,4,1,0
M0063,M0063-N30-TREND,survivorship,9de544767f3d110decd97270c8f9b0973f6b5bff4243f60e18527f64380da621,60adae1bdd885e7685389d850677fc60b14f76bce8abbaaab56377de209d2464,191,1,10000000,1996-01-03,2015-10-16,186.04238883381734,183.18918728168543,,0.0429135945815031,0.07188024428159473,-0.028966649700091628,0,0.3307673762587105,1.2228911263032065,2812,0.3764988219053067,0.02371719646833879,4983,-0.5861258265895452,8.047028957168205,42,0.00018415551313321588,0.3305873262846971,0.3924534110972648,0.07634006840716046,0.16603067288718054,-0.08969060448002009,1,4,0,1
M0063,M0063-QUIET-N20-TREND,dev,fd2bc190e915b0528be1520bc35ae562c5567608f581481d6e329d9143dfa753,5451195fd552e208eaadfc6bc89241b9b8e3e6ccb0f4c447a84bbc4f32e7d90a,192,1,10000000,1996-01-03,2015-10-16,159.83402555966788,159.83402555966788,1,0.02885936209646712,0.07188024428159473,-0.04302088218512761,0,0.32218040041375645,1.1520183187771345,1351,0.3124558600308997,0.01968286907920402,4983,-0.47569612840464265,7.674717751482101,42,0.00018415551313321588,0.23493467117850791,0.23493467117850791,0.042747713125407705,0.16603067288718054,-0.12328295976177284,3,4,1,0
M0063,M0063-QUIET-N20-TREND,survivorship,9de544767f3d110decd97270c8f9b0973f6b5bff4243f60e18527f64380da621,60adae1bdd885e7685389d850677fc60b14f76bce8abbaaab56377de209d2464,192,1,10000000,1996-01-03,2015-10-16,128.66407812640534,159.83402555966788,,0.008110401717622853,0.07188024428159473,-0.06376984256397188,0,0.4665433432363612,1.0398547530430506,1349,0.19180153880012718,0.012082361255824786,4983,-0.48967883497423365,7.351984312814589,42,0.00018415551313321588,0.1040324628687726,0.23493467117850791,0.029213994700443058,0.16603067288718054,-0.13681667818673748,1,4,0,1
M0063,M0063-M-N20-TREND,dev,fd2bc190e915b0528be1520bc35ae562c5567608f581481d6e329d9143dfa753,5451195fd552e208eaadfc6bc89241b9b8e3e6ccb0f4c447a84bbc4f32e7d90a,193,1,10000000,1996-01-03,2015-10-16,429.7492993448923,429.7492993448923,1,0.11567590785265108,0.07188024428159473,0.043795663571056354,1,0.2516965285567909,1.9259219866545694,1214,0.7929053104817216,0.04994833963707331,4983,-0.36848405669718026,8.743615555648782,42,0.00018415551313321588,0.9183165662987505,0.9183165662987505,0.18076266820628772,0.16603067288718054,0.014731995319107183,3,4,1,0
M0063,M0063-M-N20-TREND,survivorship,9de544767f3d110decd97270c8f9b0973f6b5bff4243f60e18527f64380da621,60adae1bdd885e7685389d850677fc60b14f76bce8abbaaab56377de209d2464,193,1,10000000,1996-01-03,2015-10-16,371.633732382397,429.7492993448923,,0.10347836069678257,0.07188024428159473,0.03159811641518784,1,0.2723038028582685,1.7863453098032085,1245,0.6933201582162759,0.04367506470448102,4983,-0.40030762466514036,8.907651843165608,42,0.00018415551313321588,0.8307242706638959,0.9183165662987505,0.1541618199374155,0.16603067288718054,-0.01186885294976503,1,4,0,1
M0070,M0070-R10-H6-T,dev,fd2bc190e915b0528be1520bc35ae562c5567608f581481d6e329d9143dfa753,5451195fd552e208eaadfc6bc89241b9b8e3e6ccb0f4c447a84bbc4f32e7d90a,224,1,10000000,1996-01-03,2015-10-16,285.93556245576895,285.93556245576895,1,0.08108268091327045,0.07188024428159473,0.00920243663167572,1,0.29228099301029015,2.328022525194004,699,0.7055589274648042,0.04444603469936561,4983,-0.21585039254841665,11.35137728723174,49,0.00019815243009293357,0.8096871195433151,0.8096871195433151,0.11210914845202047,0.16603067288718054,-0.05392152443516007,2,4,0,1
M0070,M0070-R10-H6-T,survivorship,9de544767f3d110decd97270c8f9b0973f6b5bff4243f60e18527f64380da621,60adae1bdd885e7685389d850677fc60b14f76bce8abbaaab56377de209d2464,224,1,10000000,1996-01-03,2015-10-16,274.4872380105236,285.93556245576895,,0.0775392081501268,0.07188024428159473,0.005658963868532069,1,0.26728195361687285,2.1480431964909728,709,0.6587245199289651,0.041495744338868046,4983,-0.13018058284588496,11.224340484082067,49,0.00019815243009293357,0.7490940893085507,0.8096871195433151,0.10775268085039902,0.16603067288718054,-0.05827799203678152,2,4,0,1
M0070,M0070-R10-H12-T,dev,fd2bc190e915b0528be1520bc35ae562c5567608f581481d6e329d9143dfa753,5451195fd552e208eaadfc6bc89241b9b8e3e6ccb0f4c447a84bbc4f32e7d90a,225,1,10000000,1996-01-03,2015-10-16,290.35857617535777,290.35857617535777,1,0.08240985211044566,0.07188024428159473,0.010529607828850929,1,0.29226796901653623,2.3911586215649505,691,0.7123148055216668,0.04487161501427779,4983,-0.21940784496762283,11.566666518492921,49,0.00019815243009293357,0.8176272397811926,0.8176272397811926,0.11220619297977885,0.16603067288718054,-0.05382447990740169,2,4,0,1
M0070,M0070-R10-H12-T,survivorship,9de544767f3d110decd97270c8f9b0973f6b5bff4243f60e18527f64380da621,60adae1bdd885e7685389d850677fc60b14f76bce8abbaaab56377de209d2464,225,1,10000000,1996-01-03,2015-10-16,268.7586949730477,290.35857617535777,,0.07570406308588598,0.07188024428159473,0.0038238188042912513,1,0.26728195361687285,2.1291191232434032,694,0.6503256243982948,0.040966663651683104,4983,-0.15013043670402687,11.192452640622935,49,0.00019815243009293357,0.7370520481984858,0.8176272397811926,0.10600024902719785,0.16603067288718054,-0.060030423859982696,2,4,0,1
M0070,M0070-R25-H6-T,dev,fd2bc190e915b0528be1520bc35ae562c5567608f581481d6e329d9143dfa753,5451195fd552e208eaadfc6bc89241b9b8e3e6ccb0f4c447a84bbc4f32e7d90a,226,1,10000000,1996-01-03,2015-10-16,397.0689748381916,397.0689748381916,1,0.10905294566413232,0.07188024428159473,0.03717270138253759,1,0.21925758592267994,2.8135223635865043,540,0.8727095287032974,0.05497553285107862,4983,-0.405999460368115,9.990978583181192,49,0.00019815243009293357,0.9455551465253113,0.9455551465253113,0.13625454966833472,0.16603067288718054,-0.029776123218845818,2,4,0,1
M0070,M0070-R25-H6-T,survivorship,9de544767f3d110decd97270c8f9b0973f6b5bff4243f60e18527f64380da621,60adae1bdd885e7685389d850677fc60b14f76bce8abbaaab56377de209d2464,226,1,10000000,1996-01-03,2015-10-16,373.00932465041666,397.0689748381916,,0.10379025811899917,0.07188024428159473,0.03191001383740444,1,0.2237761575952968,2.403704328007784,599,0.8410761607204161,0.05298281797455189,4983,-0.3451521161397834,9.600486019561043,49,0.00019815243009293357,0.9289445926953945,0.9455551465253113,0.13195806057782344,0.16603067288718054,-0.0340726123093571,2,4,0,1
M0070,M0070-R10-H6,dev,fd2bc190e915b0528be1520bc35ae562c5567608f581481d6e329d9143dfa753,5451195fd552e208eaadfc6bc89241b9b8e3e6ccb0f4c447a84bbc4f32e7d90a,227,1,10000000,1996-01-03,2015-10-16,286.06815351292596,286.06815351292596,1,0.08112279520262322,0.07188024428159473,0.009242550921028492,1,0.5553573732507099,1.8866783686641742,806,0.5578718383553974,0.03514262256511439,4983,-0.02899912966802108,9.71420478121108,49,0.00019815243009293357,0.589431435058653,0.589431435058653,0.15501373335578594,0.16603067288718054,-0.011016939531394598,2,4,0,1
M0070,M0070-R10-H6,survivorship,9de544767f3d110decd97270c8f9b0973f6b5bff4243f60e18527f64380da621,60adae1bdd885e7685389d850677fc60b14f76bce8abbaaab56377de209d2464,227,1,10000000,1996-01-03,2015-10-16,337.4756503945466,286.06815351292596,,0.09530436762343247,0.07188024428159473,0.023424123341837744,1,0.5316662826306615,2.1686216173186783,817,0.5882701886728673,0.037057538641463224,4983,0.05968083413300771,9.37411775138103,49,0.00019815243009293357,0.6411531371600433,0.589431435058653,0.18749859201113828,0.16603067288718054,0.021467919123957735,2,4,0,1
M0070,M0070-FLAT-H6-T,dev,fd2bc190e915b0528be1520bc35ae562c5567608f581481d6e329d9143dfa753,5451195fd552e208eaadfc6bc89241b9b8e3e6ccb0f4c447a84bbc4f32e7d90a,228,1,10000000,1996-01-03,2015-10-16,336.6876676218921,336.6876676218921,1,0.09510532279451117,0.07188024428159473,0.02322507851291644,1,0.2717226053433101,2.807429020236765,553,0.7782352933886709,0.04902421542380515,4983,-0.40845932873895535,9.48876504418963,49,0.00019815243009293357,0.8832586832556403,0.8832586832556403,0.1173640876905544,0.16603067288718054,-0.048666585196626144,2,4,0,1
M0070,M0070-FLAT-H6-T,survivorship,9de544767f3d110decd97270c8f9b0973f6b5bff4243f60e18527f64380da621,60adae1bdd885e7685389d850677fc60b14f76bce8abbaaab56377de209d2464,228,1,10000000,1996-01-03,2015-10-16,325.2321723445124,336.6876676218921,,0.0921528499202248,0.07188024428159473,0.020272605638630065,1,0.25575945846495796,2.494589479861878,549,0.7551650540140878,0.047570926945902745,4983,-0.41974798714808104,9.318623228167834,49,0.00019815243009293357,0.8622232084822081,0.8832586832556403,0.1228402710203842,0.16603067288718054,-0.043190401866796346,2,4,0,1
M0051,M0051-ALL-T,dev,fd2bc190e915b0528be1520bc35ae562c5567608f581481d6e329d9143dfa753,5451195fd552e208eaadfc6bc89241b9b8e3e6ccb0f4c447a84bbc4f32e7d90a,204,1,10000000,1996-01-03,2015-10-16,236.8257812592523,236.8257812592523,1,0.06460399263065428,0.07188024428159473,-0.007276251650940452,0,0.2924016292420798,1.3485476368943994,11747,0.6211258920805115,0.03912725341209974,4983,-0.39689461068231213,11.898032637327946,45,0.00021226006344484045,0.6766113730866421,0.6766113730866421,0.08278634009556729,0.16603067288718054,-0.08324433279161325,1,4,0,1
M0051,M0051-ALL-T,survivorship,9de544767f3d110decd97270c8f9b0973f6b5bff4243f60e18527f64380da621,60adae1bdd885e7685389d850677fc60b14f76bce8abbaaab56377de209d2464,204,1,10000000,1996-01-03,2015-10-16,240.15186955523924,236.8257812592523,,0.06583616106908813,0.07188024428159473,-0.006044083212506601,0,0.2972094235083768,1.3405672192822045,14979,0.6246467420837144,0.039349046114767576,4983,-0.44012090653483943,11.724616495947497,45,0.00021226006344484045,0.6820133654830437,0.6766113730866421,0.08175427986444972,0.16603067288718054,-0.08427639302273082,1,4,0,1
M0051,M0051-ALL,dev,fd2bc190e915b0528be1520bc35ae562c5567608f581481d6e329d9143dfa753,5451195fd552e208eaadfc6bc89241b9b8e3e6ccb0f4c447a84bbc4f32e7d90a,205,1,10000000,1996-01-03,2015-10-16,205.7393090081073,205.7393090081073,1,0.05204668721202732,0.07188024428159473,-0.01983355706956741,0,0.5838208185030733,1.1638679045011586,15998,0.4182294877199707,0.02634598132049957,4983,-0.15881752945303346,11.52369739651031,45,0.00021226006344484045,0.33065909680754507,0.33065909680754507,0.13332506526598586,0.16603067288718054,-0.03270560762119468,1,4,0,1
M0051,M0051-ALL,survivorship,9de544767f3d110decd97270c8f9b0973f6b5bff4243f60e18527f64380da621,60adae1bdd885e7685389d850677fc60b14f76bce8abbaaab56377de209d2464,205,1,10000000,1996-01-03,2015-10-16,194.69243305286858,205.7393090081073,,0.04705484738120823,0.07188024428159473,-0.0248253969003865,0,0.6042459574692124,1.139969274900224,20491,0.3909743020383738,0.02462906600501411,4983,-0.22208643509480985,11.306891716318162,45,0.00021226006344484045,0.28820607420127076,0.33065909680754507,0.12651666673822337,0.16603067288718054,-0.03951400614895717,1,4,0,1
M0051,M0051-Y20-T,dev,fd2bc190e915b0528be1520bc35ae562c5567608f581481d6e329d9143dfa753,5451195fd552e208eaadfc6bc89241b9b8e3e6ccb0f4c447a84bbc4f32e7d90a,206,1,10000000,1996-01-03,2015-10-16,246.6075976107949,246.6075976107949,1,0.06817394113236472,0.07188024428159473,-0.0037063031492300114,0,0.3829328352587097,1.3693845763930972,3106,0.638262143063067,0.040206735757429245,4983,-0.029003598011770222,10.533808952848512,45,0.00021226006344484045,0.704567044920032,0.704567044920032,0.09146586657859035,0.16603067288718054,-0.07456480630859019,1,4,0,1
M0051,M0051-Y20-T,survivorship,9de544767f3d110decd97270c8f9b0973f6b5bff4243f60e18527f64380da621,60adae1bdd885e7685389d850677fc60b14f76bce8abbaaab56377de209d2464,206,1,10000000,1996-01-03,2015-10-16,269.728653625114,246.6075976107949,,0.0760178287068898,0.07188024428159473,0.004137584425295077,1,0.38556029323485436,1.367190616607985,3135,0.6861741115569591,0.04322490607786653,4983,-0.0815561118082109,9.882331190923184,45,0.00021226006344484045,0.7730993002756285,0.704567044920032,0.0929432348816841,0.16603067288718054,-0.07308743800549644,1,4,0,1
M0051,M0051-LV20-T,dev,fd2bc190e915b0528be1520bc35ae562c5567608f581481d6e329d9143dfa753,5451195fd552e208eaadfc6bc89241b9b8e3e6ccb0f4c447a84bbc4f32e7d90a,207,1,10000000,1996-01-03,2015-10-16,208.47873452533258,208.47873452533258,1,0.05323725567029988,0.07188024428159473,-0.018642988611294847,0,0.37494881792428675,1.3751572381859896,3160,0.6354482475840416,0.0400294770037898,4983,-0.11926282002446038,13.844668397793363,45,0.00021226006344484045,0.6998001909499822,0.6998001909499822,0.06164777963830259,0.16603067288718054,-0.10438289324887795,1,4,0,1
M0051,M0051-LV20-T,survivorship,9de544767f3d110decd97270c8f9b0973f6b5bff4243f60e18527f64380da621,60adae1bdd885e7685389d850677fc60b14f76bce8abbaaab56377de209d2464,207,1,10000000,1996-01-03,2015-10-16,207.04176627822827,208.47873452533258,,0.05261498153956491,0.07188024428159473,-0.019265262742029818,0,0.3942183112943377,1.3834637164166637,3190,0.6332100292304318,0.039888482500372816,4983,-0.13533593050645634,12.935322723167115,45,0.00021226006344484045,0.6963269735807966,0.6998001909499822,0.06687787872952855,0.16603067288718054,-0.09915279415765199,1,4,0,1
M0051,M0051-OFF20-T,dev,fd2bc190e915b0528be1520bc35ae562c5567608f581481d6e329d9143dfa753,5451195fd552e208eaadfc6bc89241b9b8e3e6ccb0f4c447a84bbc4f32e7d90a,208,1,10000000,1996-01-03,2015-10-16,293.5370512598509,293.5370512598509,1,0.08334987545715328,0.07188024428159473,0.011469631175558548,1,0.32940469165923336,1.6172291512001187,2148,0.7101906970227762,0.04473780875604492,4983,0.027494638021282717,10.487513453996948,45,0.00021226006344484045,0.8043441055763966,0.8043441055763966,0.13355056938805543,0.16603067288718054,-0.03248010349912511,1,4,0,1
M0051,M0051-OFF20-T,survivorship,9de544767f3d110decd97270c8f9b0973f6b5bff4243f60e18527f64380da621,60adae1bdd885e7685389d850677fc60b14f76bce8abbaaab56377de209d2464,208,1,10000000,1996-01-03,2015-10-16,286.746289632705,293.5370512598509,,0.08132763862797751,0.07188024428159473,0.009447394346382781,1,0.36251341026700684,1.5480852854754346,2185,0.6746795640478466,0.04250081764590707,4983,0.009617199023755357,10.654845322183643,45,0.00021226006344484045,0.7578715659001525,0.8043441055763966,0.1263230275486007,0.16603067288718054,-0.039707645338579844,1,4,0,1
M0076,M0076-A-M,dev,fd2bc190e915b0528be1520bc35ae562c5567608f581481d6e329d9143dfa753,5451195fd552e208eaadfc6bc89241b9b8e3e6ccb0f4c447a84bbc4f32e7d90a,229,1,10000000,1996-01-03,2015-10-16,368.7694756673588,368.7694756673588,1,0.10282489856996846,0.07188024428159473,0.03094465428837373,1,0.21304859969178377,2.630546547112816,546,0.8447838111301049,0.053216377996751656,4983,-0.4030364049312323,9.612376602590686,50,0.0001957610775596104,0.9316034904620554,0.9316034904620554,0.1266153691956371,0.16603067288718054,-0.039415303691543446,2,4,0,0
M0076,M0076-A-M,survivorship,9de544767f3d110decd97270c8f9b0973f6b5bff4243f60e18527f64380da621,60adae1bdd885e7685389d850677fc60b14f76bce8abbaaab56377de209d2464,229,1,10000000,1996-01-03,2015-10-16,326.5875689252258,368.7694756673588,,0.09250806002103268,0.07188024428159473,0.02062781573943795,1,0.2360796577233532,2.1664320900256433,602,0.7959324623353048,0.05013903227958308,4983,-0.3652656024190853,9.40614943352091,50,0.0001957610775596104,0.8990251187535259,0.9316034904620554,0.11198064935499463,0.16603067288718054,-0.05405002353218591,2,4,0,0
M0076,M0076-X-M,dev,fd2bc190e915b0528be1520bc35ae562c5567608f581481d6e329d9143dfa753,5451195fd552e208eaadfc6bc89241b9b8e3e6ccb0f4c447a84bbc4f32e7d90a,230,1,10000000,1996-01-03,2015-10-16,397.0689748381916,397.0689748381916,1,0.10905294566413232,0.07188024428159473,0.03717270138253759,1,0.21925758592267994,2.8135223635865043,540,0.8727095287032974,0.05497553285107862,4983,-0.405999460368115,9.990978583181192,50,0.0001957610775596104,0.946203259934115,0.946203259934115,0.13625454966833472,0.16603067288718054,-0.029776123218845818,2,4,0,0
M0076,M0076-X-M,survivorship,9de544767f3d110decd97270c8f9b0973f6b5bff4243f60e18527f64380da621,60adae1bdd885e7685389d850677fc60b14f76bce8abbaaab56377de209d2464,230,1,10000000,1996-01-03,2015-10-16,373.00932465041666,397.0689748381916,,0.10379025811899917,0.07188024428159473,0.03191001383740444,1,0.2237761575952968,2.403704328007784,599,0.8410761607204161,0.05298281797455189,4983,-0.3451521161397834,9.600486019561043,50,0.0001957610775596104,0.9297444564598814,0.946203259934115,0.13195806057782344,0.16603067288718054,-0.0340726123093571,2,4,0,0
M0076,M0076-A-W,dev,fd2bc190e915b0528be1520bc35ae562c5567608f581481d6e329d9143dfa753,5451195fd552e208eaadfc6bc89241b9b8e3e6ccb0f4c447a84bbc4f32e7d90a,231,1,10000000,1996-01-03,2015-10-16,200.71461291606,200.71461291606,1,0.04981514758507471,0.07188024428159473,-0.02206509669652002,0,0.3200482247410852,1.4596694013962772,927,0.5444260053056048,0.034295614697975256,4983,-0.48649323753095547,8.711723425309145,50,0.0001957610775596104,0.5679233393143472,0.5679233393143472,0.06223441054153733,0.16603067288718054,-0.10379626234564321,2,4,0,0
M0076,M0076-A-W,survivorship,9de544767f3d110decd97270c8f9b0973f6b5bff4243f60e18527f64380da621,60adae1bdd885e7685389d850677fc60b14f76bce8abbaaab56377de209d2464,231,1,10000000,1996-01-03,2015-10-16,197.04770992366414,200.71461291606,,0.04814590347306995,0.07188024428159473,-0.02373434080852478,0,0.24022561056453284,1.3729537762217523,1021,0.5616985836536872,0.03538368486011516,4983,-0.45482353623403,8.736249213950984,50,0.0001957610775596104,0.5976328144349353,0.5679233393143472,0.058516384706379876,0.16603067288718054,-0.10751428818080067,2,4,0,0
M0076,M0076-X-W,dev,fd2bc190e915b0528be1520bc35ae562c5567608f581481d6e329d9143dfa753,5451195fd552e208eaadfc6bc89241b9b8e3e6ccb0f4c447a84bbc4f32e7d90a,232,1,10000000,1996-01-03,2015-10-16,228.263357738366,228.263357738366,1,0.061340195799184274,0.07188024428159473,-0.010540048482410455,0,0.327486682346582,1.6114652315587727,907,0.5767200743017391,0.03632994982621631,4983,-0.39166558602232227,8.210172016264902,50,0.0001957610775596104,0.6231251770302948,0.6231251770302948,0.08832983631605917,0.16603067288718054,-0.07770083657112137,2,4,0,0
M0076,M0076-X-W,survivorship,9de544767f3d110decd97270c8f9b0973f6b5bff4243f60e18527f64380da621,60adae1bdd885e7685389d850677fc60b14f76bce8abbaaab56377de209d2464,232,1,10000000,1996-01-03,2015-10-16,223.7534764688391,228.263357738366,,0.05956510586360353,0.07188024428159473,-0.0123151384179912,0,0.2371708411782511,1.484218795183618,994,0.5943469811577813,0.03744034058632124,4983,-0.40174575858973,8.384877327889116,50,0.0001957610775596104,0.6521881396441164,0.6231251770302948,0.07771571197863736,0.16603067288718054,-0.08831496090854318,2,4,0,0
M0076,M0076-A-M-D,dev,fd2bc190e915b0528be1520bc35ae562c5567608f581481d6e329d9143dfa753,5451195fd552e208eaadfc6bc89241b9b8e3e6ccb0f4c447a84bbc4f32e7d90a,233,1,10000000,1996-01-03,2015-10-16,378.7420833814787,378.7420833814787,1,0.1050768207102454,0.07188024428159473,0.033196576428650676,1,0.21199684360227594,2.6590336119514464,537,0.8538380690056692,0.053786742631157174,4983,-0.4022630424084308,9.643715644180547,50,0.0001957610775596104,0.9366568864165564,0.9366568864165564,0.1310876868436548,0.16603067288718054,-0.03494298604352575,2,4,0,0
M0076,M0076-A-M-D,survivorship,9de544767f3d110decd97270c8f9b0973f6b5bff4243f60e18527f64380da621,60adae1bdd885e7685389d850677fc60b14f76bce8abbaaab56377de209d2464,233,1,10000000,1996-01-03,2015-10-16,379.1713577057178,378.7420833814787,,0.10517231099288671,0.07188024428159473,0.03329206671129198,1,0.21658503542340315,2.67085267597559,533,0.8518834292247575,0.0536636118987043,4983,-0.39144460495317895,9.541461324111818,50,0.0001957610775596104,0.9356527050802061,0.9366568864165564,0.13209914660218702,0.16603067288718054,-0.03393152628499352,2,4,0,0
M0076,M0076-X-M-D,dev,fd2bc190e915b0528be1520bc35ae562c5567608f581481d6e329d9143dfa753,5451195fd552e208eaadfc6bc89241b9b8e3e6ccb0f4c447a84bbc4f32e7d90a,234,1,10000000,1996-01-03,2015-10-16,391.7234365612654,391.7234365612654,1,0.10791399514940661,0.07188024428159473,0.03603375086781188,1,0.21072412305288227,2.8258718952507405,529,0.8668878582883597,0.054608802086010495,4983,-0.40629714535239175,9.953894270324762,50,0.0001957610775596104,0.9433782320311188,0.9433782320311188,0.13873451250602087,0.16603067288718054,-0.027296160381159673,2,4,0,0
M0076,M0076-X-M-D,survivorship,9de544767f3d110decd97270c8f9b0973f6b5bff4243f60e18527f64380da621,60adae1bdd885e7685389d850677fc60b14f76bce8abbaaab56377de209d2464,234,1,10000000,1996-01-03,2015-10-16,365.07866646032176,391.7234365612654,,0.10197471078524625,0.07188024428159473,0.030094466503651524,1,0.21993911057665758,2.4912024720025143,532,0.841655338121461,0.053019302721413704,4983,-0.42296939952565843,9.921172159220092,50,0.0001957610775596104,0.9296641177127927,0.9433782320311188,0.12640783916286535,0.16603067288718054,-0.03962283372431519,2,4,0,0
M0077,M0077-EDJ-HOST,dev,fd2bc190e915b0528be1520bc35ae562c5567608f581481d6e329d9143dfa753,5451195fd552e208eaadfc6bc89241b9b8e3e6ccb0f4c447a84bbc4f32e7d90a,241,1,10000000,1996-01-03,2015-10-16,429.7492993448923,429.7492993448923,1,0.11567590785265108,0.07188024428159473,0.043795663571056354,1,0.2516965285567909,1.9259219866545694,1214,0.7929053104817216,0.04994833963707331,4983,-0.36848405669718026,8.743615555648782,52,0.00019138335863889253,0.8985716278995899,0.8985716278995899,0.18076266820628772,0.16603067288718054,0.014731995319107183,3,4,1,0
M0077,M0077-EDJ-HOST,survivorship,9de544767f3d110decd97270c8f9b0973f6b5bff4243f60e18527f64380da621,60adae1bdd885e7685389d850677fc60b14f76bce8abbaaab56377de209d2464,241,1,10000000,1996-01-03,2015-10-16,371.633732382397,429.7492993448923,,0.10347836069678257,0.07188024428159473,0.03159811641518784,1,0.2723038028582685,1.7863453098032085,1245,0.6933201582162759,0.04367506470448102,4983,-0.40030762466514036,8.907651843165608,52,0.00019138335863889253,0.7985722781232852,0.8985716278995899,0.1541618199374155,0.16603067288718054,-0.01186885294976503,1,4,0,0
M0077,M0077-EDJ-ANN,dev,fd2bc190e915b0528be1520bc35ae562c5567608f581481d6e329d9143dfa753,5451195fd552e208eaadfc6bc89241b9b8e3e6ccb0f4c447a84bbc4f32e7d90a,242,1,10000000,1996-01-03,2015-10-16,419.35561471522965,419.35561471522965,1,0.11362992002025735,0.07188024428159473,0.04174967573866262,1,0.25588592570695595,1.9092863825709172,1223,0.8000165739828046,0.05039630713067603,4983,-0.4248196164479381,9.088802518272802,52,0.00019138335863889253,0.903645559180474,0.903645559180474,0.17070649037703878,0.16603067288718054,0.004675817489858236,3,4,1,0
M0077,M0077-EDJ-ANN,survivorship,9de544767f3d110decd97270c8f9b0973f6b5bff4243f60e18527f64380da621,60adae1bdd885e7685389d850677fc60b14f76bce8abbaaab56377de209d2464,242,1,10000000,1996-01-03,2015-10-16,349.6159779452081,419.35561471522965,,0.09830856133635127,0.07188024428159473,0.02642831705475654,1,0.2820575440639901,1.7281986356203227,1252,0.695530417068435,0.043814297924859705,4983,-0.40207421545024186,8.896777406946724,52,0.00019138335863889253,0.8012777882404193,0.903645559180474,0.13231386616241014,0.16603067288718054,-0.0337168067247704,1,4,0,0
M0077,M0077-EDJ-EX,dev,fd2bc190e915b0528be1520bc35ae562c5567608f581481d6e329d9143dfa753,5451195fd552e208eaadfc6bc89241b9b8e3e6ccb0f4c447a84bbc4f32e7d90a,243,1,10000000,1996-01-03,2015-10-16,423.44629921910087,423.44629921910087,1,0.11444158890420097,0.07188024428159473,0.042561344622606245,1,0.25588592570695595,1.918617653100321,1222,0.8032760272504613,0.050601633386777305,4983,-0.4207794138733809,9.079647911196094,52,0.00019138335863889253,0.9060745350424659,0.9060745350424659,0.16966195941738116,0.16603067288718054,0.003631286530200617,3,4,1,0
M0077,M0077-EDJ-EX,survivorship,9de544767f3d110decd97270c8f9b0973f6b5bff4243f60e18527f64380da621,60adae1bdd885e7685389d850677fc60b14f76bce8abbaaab56377de209d2464,243,1,10000000,1996-01-03,2015-10-16,356.1612395769951,423.44629921910087,,0.09988149312820016,0.07188024428159473,0.02800124884660543,1,0.2824288925489394,1.7398158191542814,1253,0.7030512526232475,0.044288066032703605,4983,-0.39066413325617444,8.894704678772365,52,0.00019138335863889253,0.8104030488920637,0.9060745350424659,0.13292076740110126,0.16603067288718054,-0.03310990548607928,1,4,0,0
M0077,M0077-REV-HOST,dev,fd2bc190e915b0528be1520bc35ae562c5567608f581481d6e329d9143dfa753,5451195fd552e208eaadfc6bc89241b9b8e3e6ccb0f4c447a84bbc4f32e7d90a,244,1,10000000,1996-01-03,2015-10-16,266.0308914003788,266.0308914003788,1,0.0748148695867652,0.07188024428159473,0.0029346253051704685,1,0.2721430241075239,1.5153310185988633,2794,0.7308314438566775,0.04603805358931051,4983,-0.60334329718951,9.82135954927196,52,0.00019138335863889253,0.8404064016344823,0.8404064016344823,0.08826268511533186,0.16603067288718054,-0.07776798777184868,3,4,1,0
M0077,M0077-REV-HOST,survivorship,9de544767f3d110decd97270c8f9b0973f6b5bff4243f60e18527f64380da621,60adae1bdd885e7685389d850677fc60b14f76bce8abbaaab56377de209d2464,244,1,10000000,1996-01-03,2015-10-16,258.30165554975497,266.0308914003788,,0.07223914201894732,0.07188024428159473,0.00035889773735259256,1,0.2400143142742707,1.4402465132783366,2987,0.7446252381054077,0.046906980951646436,4983,-0.40425335331365725,10.257910305620133,52,0.00019138335863889253,0.8556123229451282,0.8404064016344823,0.08635972883721044,0.16603067288718054,-0.0796709440499701,1,4,0,0
M0077,M0077-REV-ANN,dev,fd2bc190e915b0528be1520bc35ae562c5567608f581481d6e329d9143dfa753,5451195fd552e208eaadfc6bc89241b9b8e3e6ccb0f4c447a84bbc4f32e7d90a,245,1,10000000,1996-01-03,2015-10-16,269.0726696015868,269.0726696015868,1,0.07580576627455957,0.07188024428159473,0.003925521992964837,1,0.27557999474475164,1.5311781289199127,2779,0.7377110896252594,0.04647143053721243,4983,-0.6063997388936265,9.89710687750173,52,0.00019138335863889253,0.8475470114863152,0.8475470114863152,0.08828153756920676,0.16603067288718054,-0.07774913531797378,3,4,1,0
M0077,M0077-REV-ANN,survivorship,9de544767f3d110decd97270c8f9b0973f6b5bff4243f60e18527f64380da621,60adae1bdd885e7685389d850677fc60b14f76bce8abbaaab56377de209d2464,245,1,10000000,1996-01-03,2015-10-16,262.00678537580114,269.0726696015868,,0.0734844198042092,0.07188024428159473,0.001604175522614465,1,0.24333776095474294,1.446540176464497,2983,0.7552405822618641,0.04757568477829714,4983,-0.3950003534656123,10.327472350351378,52,0.00019138335863889253,0.8659492459093401,0.8475470114863152,0.08895948704752721,0.16603067288718054,-0.07707118583965333,1,4,0,0
M0077,M0077-REV-EX,dev,fd2bc190e915b0528be1520bc35ae562c5567608f581481d6e329d9143dfa753,5451195fd552e208eaadfc6bc89241b9b8e3e6ccb0f4c447a84bbc4f32e7d90a,246,1,10000000,1996-01-03,2015-10-16,267.3635993507497,267.3635993507497,1,0.07525055840028463,0.07188024428159473,0.0033703141186899044,1,0.2791138069618485,1.5341900203600627,2773,0.7285433818417949,0.045893919230365884,4983,-0.6021368633459995,9.88950646925576,52,0.00019138335863889253,0.8379781051763466,0.8379781051763466,0.08768919526431862,0.16603067288718054,-0.07834147762286192,3,4,1,0
M0077,M0077-REV-EX,survivorship,9de544767f3d110decd97270c8f9b0973f6b5bff4243f60e18527f64380da621,60adae1bdd885e7685389d850677fc60b14f76bce8abbaaab56377de209d2464,246,1,10000000,1996-01-03,2015-10-16,261.458789540682,267.3635993507497,,0.07330148222691019,0.07188024428159473,0.0014212379453154567,1,0.2432745194983195,1.4479779197919873,2983,0.7514686932634178,0.047338078105374076,4983,-0.4177019202754333,10.204709853785507,52,0.00019138335863889253,0.862234793276567,0.8379781051763466,0.0889181367432752,0.16603067288718054,-0.07711253614390534,1,4,0,0
M0078,M0078-JOINT-ANN,dev,fd2bc190e915b0528be1520bc35ae562c5567608f581481d6e329d9143dfa753,5451195fd552e208eaadfc6bc89241b9b8e3e6ccb0f4c447a84bbc4f32e7d90a,235,1,10000000,1996-01-03,2015-10-16,176.2224836831221,176.2224836831221,1,0.03793412886328843,0.07188024428159473,-0.0339461154183063,0,0.3221999253859664,1.7550211401678244,227,0.4785528330793747,0.03014599489365302,4983,-0.4600505906876169,9.6442991103865,51,0.00019530136513403083,0.45063912775478077,0.45063912775478077,0.046745577476450695,0.16603067288718054,-0.11928509541072985,1,4,0,1
M0078,M0078-JOINT-ANN,survivorship,9de544767f3d110decd97270c8f9b0973f6b5bff4243f60e18527f64380da621,60adae1bdd885e7685389d850677fc60b14f76bce8abbaaab56377de209d2464,235,1,10000000,1996-01-03,2015-10-16,175.52073302159675,176.2224836831221,,0.03756603734818392,0.07188024428159473,-0.03431420693341081,0,0.33687266724887804,1.6929109611917381,255,0.46393436134158794,0.029225117732557974,4983,-0.4605390068654105,9.639659059509365,51,0.00019530136513403083,0.4252087171259922,0.45063912775478077,0.05033807442634197,0.16603067288718054,-0.11569259846083857,1,4,0,1
M0078,M0078-JOINT-EX,dev,fd2bc190e915b0528be1520bc35ae562c5567608f581481d6e329d9143dfa753,5451195fd552e208eaadfc6bc89241b9b8e3e6ccb0f4c447a84bbc4f32e7d90a,236,1,10000000,1996-01-03,2015-10-16,177.79150965409275,177.79150965409275,1,0.03875101698812946,0.07188024428159473,-0.03312922729346527,0,0.3268607880447865,2.1914624426660105,82,0.4720871548046845,0.029738695446696314,4983,-0.4973039997037807,9.875680535623328,51,0.00019530136513403083,0.43939573884684513,0.43939573884684513,0.05482416914355959,0.16603067288718054,-0.11120650374362095,1,4,0,1
M0078,M0078-JOINT-EX,survivorship,9de544767f3d110decd97270c8f9b0973f6b5bff4243f60e18527f64380da621,60adae1bdd885e7685389d850677fc60b14f76bce8abbaaab56377de209d2464,236,1,10000000,1996-01-03,2015-10-16,176.286358126623,177.79150965409275,,0.03796754860957386,0.07188024428159473,-0.03391269567202087,0,0.3373034762945734,2.067284608725218,107,0.4597451061610481,0.028961219461455336,4983,-0.508267186913406,10.010719383338808,51,0.00019530136513403083,0.4180288512890679,0.43939573884684513,0.05685535207101,0.16603067288718054,-0.10917532081617054,1,4,0,1
M0078,M0078-WIN-ANN,dev,fd2bc190e915b0528be1520bc35ae562c5567608f581481d6e329d9143dfa753,5451195fd552e208eaadfc6bc89241b9b8e3e6ccb0f4c447a84bbc4f32e7d90a,237,1,10000000,1996-01-03,2015-10-16,166.25035912975372,166.25035912975372,1,0.032536394894250295,0.07188024428159473,-0.039343849387344434,0,0.3172957089640879,1.4288001829603971,523,0.44084790027562565,0.027770807384150647,4983,-0.46529399112526554,9.612933700117686,51,0.00019530136513403083,0.3856929439468129,0.3856929439468129,0.03986434484011925,0.16603067288718054,-0.1261663280470613,1,4,0,1
M0078,M0078-WIN-ANN,survivorship,9de544767f3d110decd97270c8f9b0973f6b5bff4243f60e18527f64380da621,60adae1bdd885e7685389d850677fc60b14f76bce8abbaaab56377de209d2464,237,1,10000000,1996-01-03,2015-10-16,156.22507144985676,166.25035912975372,,0.026714203536811885,0.07188024428159473,-0.045166040744782844,0,0.30986834062580704,1.2740339183577585,692,0.40864971266896033,0.025742512215715687,4983,-0.4620151498259778,9.47503160130638,51,0.00019530136513403083,0.3325190176238776,0.3856929439468129,0.03468553923460704,0.16603067288718054,-0.1313451336525735,1,4,0,1
M0078,M0078-WIN-EX,dev,fd2bc190e915b0528be1520bc35ae562c5567608f581481d6e329d9143dfa753,5451195fd552e208eaadfc6bc89241b9b8e3e6ccb0f4c447a84bbc4f32e7d90a,238,1,10000000,1996-01-03,2015-10-16,159.50208468100348,159.50208468100348,1,0.02866444543674885,0.07188024428159473,-0.04321579884484588,0,0.3030807665671599,1.3896318241069041,480,0.4057379457023374,0.02555908813787152,4983,-0.46594269370805114,9.499190304897956,51,0.00019530136513403083,0.32786020652697234,0.32786020652697234,0.036899297527273056,0.16603067288718054,-0.12913137535990749,1,4,0,1
M0078,M0078-WIN-EX,survivorship,9de544767f3d110decd97270c8f9b0973f6b5bff4243f60e18527f64380da621,60adae1bdd885e7685389d850677fc60b14f76bce8abbaaab56377de209d2464,238,1,10000000,1996-01-03,2015-10-16,153.51418178431155,159.50208468100348,,0.02506411382335201,0.07188024428159473,-0.04681613045824272,0,0.2886848884343386,1.2665269170473352,654,0.38533758075194574,0.024273985939927325,4983,-0.4722339944979938,9.45618762898776,51,0.00019530136513403083,0.2959465163222304,0.32786020652697234,0.035392771694661596,0.16603067288718054,-0.13063790119251895,1,4,0,1
M0078,M0078-RAISE-ANN,dev,fd2bc190e915b0528be1520bc35ae562c5567608f581481d6e329d9143dfa753,5451195fd552e208eaadfc6bc89241b9b8e3e6ccb0f4c447a84bbc4f32e7d90a,239,1,10000000,1996-01-03,2015-10-16,182.2580250456194,182.2580250456194,1,0.041031450268910266,0.07188024428159473,-0.030848794012684463,0,0.28808304280050206,1.305899658754448,1515,0.5097382004416837,0.032110488383768246,4983,-0.28454933908803776,9.501421774829476,51,0.00019530136513403083,0.5054090630680784,0.5054090630680784,0.05181534525912723,0.16603067288718054,-0.11421532762805331,1,4,0,1
M0078,M0078-RAISE-ANN,survivorship,9de544767f3d110decd97270c8f9b0973f6b5bff4243f60e18527f64380da621,60adae1bdd885e7685389d850677fc60b14f76bce8abbaaab56377de209d2464,239,1,10000000,1996-01-03,2015-10-16,184.43404599677552,182.2580250456194,,0.04211914121583265,0.07188024428159473,-0.02976110306576208,0,0.3051097079881987,1.3087214395609124,1527,0.5090603505214428,0.03206778785245527,4983,-0.3132706899015179,9.605156202836675,51,0.00019530136513403083,0.5042115787980358,0.5054090630680784,0.05495246627992767,0.16603067288718054,-0.11107820660725287,1,4,0,1
M0078,M0078-RAISE-EX,dev,fd2bc190e915b0528be1520bc35ae562c5567608f581481d6e329d9143dfa753,5451195fd552e208eaadfc6bc89241b9b8e3e6ccb0f4c447a84bbc4f32e7d90a,240,1,10000000,1996-01-03,2015-10-16,183.83897959778108,183.83897959778108,1,0.04182317424285189,0.07188024428159473,-0.03005707003874284,0,0.32159713194555334,1.343435917711464,1522,0.4909324329965293,0.030925836386777837,4983,-0.24475127695116983,8.63402235880389,51,0.00019530136513403083,0.4722342494140977,0.4722342494140977,0.053091913601179375,0.16603067288718054,-0.11293875928600117,1,4,0,1
M0078,M0078-RAISE-EX,survivorship,9de544767f3d110decd97270c8f9b0973f6b5bff4243f60e18527f64380da621,60adae1bdd885e7685389d850677fc60b14f76bce8abbaaab56377de209d2464,240,1,10000000,1996-01-03,2015-10-16,187.33654002808382,183.83897959778108,,0.04354711912029093,0.07188024428159473,-0.028333125161303797,0,0.33630500551698383,1.3438316583456709,1526,0.47754948046361034,0.030082789619876017,4983,-0.2991420717286706,8.213822301514751,51,0.00019530136513403083,0.44875665625559147,0.4722342494140977,0.06189081416123288,0.16603067288718054,-0.10413985872594766,1,4,0,1
M0079,M0079-ANN-TOEX,dev,fd2bc190e915b0528be1520bc35ae562c5567608f581481d6e329d9143dfa753,5451195fd552e208eaadfc6bc89241b9b8e3e6ccb0f4c447a84bbc4f32e7d90a,258,1,10000000,1996-01-03,2015-10-16,145.15695034503022,145.15695034503022,1,0.019751965113521792,0.07188024428159473,-0.05212827916807294,0,0.3307635440925115,1.0861067079499693,5522,0.2467171594225711,0.015541720190581062,4983,-0.4081027770771115,7.909342921066054,55,0.00021648529797584827,0.09674715337015144,0.09674715337015144,0.03503386470974679,0.16603067288718054,-0.13099680817743375,1,4,0,1
M0079,M0079-ANN-TOEX,survivorship,9de544767f3d110decd97270c8f9b0973f6b5bff4243f60e18527f64380da621,60adae1bdd885e7685389d850677fc60b14f76bce8abbaaab56377de209d2464,258,1,10000000,1996-01-03,2015-10-16,154.42398020113185,145.15695034503022,,0.02562170306132558,0.07188024428159473,-0.04625854122026915,0,0.3346795599908213,1.116791792580777,5528,0.2823154357514627,0.0177842008160287,4983,-0.3901352589515086,7.709860188755513,55,0.00021648529797584827,0.12669379408602877,0.09674715337015144,0.044166976934715274,0.16603067288718054,-0.12186369595246527,1,4,0,1
M0079,M0079-ANN-THRU,dev,fd2bc190e915b0528be1520bc35ae562c5567608f581481d6e329d9143dfa753,5451195fd552e208eaadfc6bc89241b9b8e3e6ccb0f4c447a84bbc4f32e7d90a,259,1,10000000,1996-01-03,2015-10-16,143.67226769314186,143.67226769314186,1,0.01877030362616334,0.07188024428159473,-0.05310994065543139,0,0.34653205396408193,1.0839624631254705,5253,0.2385212433921313,0.015025426010035337,4983,-0.455690730235231,7.70021678722605,55,0.00021648529797584827,0.09072207149403605,0.09072207149403605,0.03316463163753447,0.16603067288718054,-0.13286604124964607,1,4,0,1
M0079,M0079-ANN-THRU,survivorship,9de544767f3d110decd97270c8f9b0973f6b5bff4243f60e18527f64380da621,60adae1bdd885e7685389d850677fc60b14f76bce8abbaaab56377de209d2464,259,1,10000000,1996-01-03,2015-10-16,142.18794561136718,143.67226769314186,,0.017776737056450356,0.07188024428159473,-0.05410350722514437,0,0.36266315706159585,1.0811810715307186,5268,0.22317773317194967,0.01405887571762167,4983,-0.4410657017317993,7.537414889040704,55,0.00021648529797584827,0.08004217296618765,0.09072207149403605,0.035653487793632754,0.16603067288718054,-0.1303771850935478,1,4,0,1
M0079,M0079-ANN-H14,dev,fd2bc190e915b0528be1520bc35ae562c5567608f581481d6e329d9143dfa753,5451195fd552e208eaadfc6bc89241b9b8e3e6ccb0f4c447a84bbc4f32e7d90a,260,1,10000000,1996-01-03,2015-10-16,117.818721574896,117.818721574896,1,-0.0005737095049007904,0.07188024428159473,-0.07245395378649552,0,0.5056772492505577,0.9978188277461191,6343,0.04090588605976138,0.002576828611258869,4983,-0.431174958124805,7.330013559723657,55,0.00021648529797584827,0.013258348278859133,0.013258348278859133,0.02145480856106108,0.16603067288718054,-0.14457586432611946,1,4,0,1
M0079,M0079-ANN-H14,survivorship,9de544767f3d110decd97270c8f9b0973f6b5bff4243f60e18527f64380da621,60adae1bdd885e7685389d850677fc60b14f76bce8abbaaab56377de209d2464,260,1,10000000,1996-01-03,2015-10-16,107.27139566720516,117.818721574896,,-0.01001222345427462,0.07188024428159473,-0.08189246773586935,0,0.49925649469434497,0.9655837103448868,6325,-0.0042953986992140345,-0.0002705846842854883,4983,-0.5003144987093848,7.29893323935378,55,0.00021648529797584827,0.0077400677469006696,0.013258348278859133,-0.005813267898834074,0.16603067288718054,-0.17184394078601462,1,4,0,1
M0079,M0079-EX-H14,dev,fd2bc190e915b0528be1520bc35ae562c5567608f581481d6e329d9143dfa753,5451195fd552e208eaadfc6bc89241b9b8e3e6ccb0f4c447a84bbc4f32e7d90a,261,1,10000000,1996-01-03,2015-10-16,124.83281301662913,124.83281301662913,1,0.0051476655714825185,0.07188024428159473,-0.0667325787101122,0,0.6261945427703337,1.0210657721526428,6512,-0.0717927018391962,-0.004522515119426682,4983,-0.4032816458945809,7.563767270265543,55,0.00021648529797584827,0.0032313018370929147,0.0032313018370929147,0.03939523239965714,0.16603067288718054,-0.1266354404875234,1,4,0,1
M0079,M0079-EX-H14,survivorship,9de544767f3d110decd97270c8f9b0973f6b5bff4243f60e18527f64380da621,60adae1bdd885e7685389d850677fc60b14f76bce8abbaaab56377de209d2464,261,1,10000000,1996-01-03,2015-10-16,119.93106453164773,124.83281301662913,,0.0011920980471087376,0.07188024428159473,-0.070688146234486,0,0.5813800355036091,1.0044719217488522,6452,-0.04010073485888139,-0.002526108853036659,4983,-0.4367729572398563,7.3216743519143765,55,0.00021648529797584827,0.0049200678334196946,0.0032313018370929147,0.024549864011218725,0.16603067288718054,-0.14148080887596182,1,4,0,1
M0079,M0079-ANN-H14-DEC,dev,fd2bc190e915b0528be1520bc35ae562c5567608f581481d6e329d9143dfa753,5451195fd552e208eaadfc6bc89241b9b8e3e6ccb0f4c447a84bbc4f32e7d90a,262,1,10000000,1996-01-03,2015-10-16,115.096575016028,115.096575016028,1,-0.0029072418827947154,0.07188024428159473,-0.07478748616438945,0,0.49555555566463655,0.9891328548227512,6293,0.0381026155086585,0.0024002391651672026,4983,-0.4223644225985363,7.380151193973583,55,0.00021648529797584827,0.012836364803838374,0.012836364803838374,0.012271051423081492,0.16603067288718054,-0.15375962146409905,1,4,0,1
M0079,M0079-ANN-H14-DEC,survivorship,9de544767f3d110decd97270c8f9b0973f6b5bff4243f60e18527f64380da621,60adae1bdd885e7685389d850677fc60b14f76bce8abbaaab56377de209d2464,262,1,10000000,1996-01-03,2015-10-16,113.22528974441292,115.096575016028,,-0.0045509991122001155,0.07188024428159473,-0.07643124339379484,0,0.5320386146237189,0.9830883365511196,6318,0.016622450123717145,0.0010471159335221553,4983,-0.41765456417322283,7.231305158425878,55,0.00021648529797584827,0.00997558889437511,0.012836364803838374,0.008952258266705204,0.16603067288718054,-0.15707841462047534,1,4,0,1
M0079,M0079-EX-H14-DEC,dev,fd2bc190e915b0528be1520bc35ae562c5567608f581481d6e329d9143dfa753,5451195fd552e208eaadfc6bc89241b9b8e3e6ccb0f4c447a84bbc4f32e7d90a,263,1,10000000,1996-01-03,2015-10-16,123.1523511155908,123.1523511155908,1,0.0038131815058049766,0.07188024428159473,-0.06806706277578975,0,0.615727314183611,1.0152496225731311,6457,-0.05387486215219698,-0.003393797313633262,4983,-0.3990247306610587,7.333970897586352,55,0.00021648529797584827,0.004108801435696585,0.004108801435696585,0.034228981199187825,0.16603067288718054,-0.13180169168799272,1,4,0,1
M0079,M0079-EX-H14-DEC,survivorship,9de544767f3d110decd97270c8f9b0973f6b5bff4243f60e18527f64380da621,60adae1bdd885e7685389d850677fc60b14f76bce8abbaaab56377de209d2464,263,1,10000000,1996-01-03,2015-10-16,118.28064885976303,123.1523511155908,,-0.0001842762530886658,0.07188024428159473,-0.0720645205346834,0,0.6130881227126297,0.9992877023547498,6435,-0.07140296663975743,-0.004497964109548596,4983,-0.38529839316055137,7.2724178465828695,55,0.00021648529797584827,0.0032495000344952563,0.004108801435696585,0.030670325766136708,0.16603067288718054,-0.13536034712104383,1,4,0,1
M0081,M0081-A-W12,dev,fd2bc190e915b0528be1520bc35ae562c5567608f581481d6e329d9143dfa753,5451195fd552e208eaadfc6bc89241b9b8e3e6ccb0f4c447a84bbc4f32e7d90a,247,1,10000000,1996-01-03,2015-10-16,176.00504998209152,176.00504998209152,1,0.03782025989045433,0.07188024428159473,-0.0340599843911404,0,0.311117857986955,1.426949819151063,261,0.448014363931311,0.028222252160644026,4983,-0.44125284717223523,8.70932476158455,53,0.00018988309427909528,0.4044228018783319,0.4044228018783319,0.04442193456389165,0.16603067288718054,-0.12160873832328889,1,4,0,1
M0081,M0081-A-W12,survivorship,9de544767f3d110decd97270c8f9b0973f6b5bff4243f60e18527f64380da621,60adae1bdd885e7685389d850677fc60b14f76bce8abbaaab56377de209d2464,247,1,10000000,1996-01-03,2015-10-16,192.2793559766457,176.00504998209152,,0.045921189588149086,0.07188024428159473,-0.025959054693445643,0,0.355154599340768,1.3581275908167427,371,0.5261515699486311,0.03314443347643537,4983,-0.3607301878610706,8.911081955908115,53,0.00018988309427909528,0.5410567292860455,0.4044228018783319,0.041087321083533634,0.16603067288718054,-0.12494335180364691,2,4,0,1
M0081,M0081-X-W12,dev,fd2bc190e915b0528be1520bc35ae562c5567608f581481d6e329d9143dfa753,5451195fd552e208eaadfc6bc89241b9b8e3e6ccb0f4c447a84bbc4f32e7d90a,248,1,10000000,1996-01-03,2015-10-16,180.44339857417165,180.44339857417165,1,0.04011285864800179,0.07188024428159473,-0.03176738563359294,0,0.3094001093333448,1.443483700395196,261,0.4566474428972356,0.028766085017610514,4983,-0.44808883730860977,8.676271287032032,53,0.00018988309427909528,0.4192757808001526,0.4192757808001526,0.04864166293067207,0.16603067288718054,-0.11738900995650847,1,4,0,1
M0081,M0081-X-W12,survivorship,9de544767f3d110decd97270c8f9b0973f6b5bff4243f60e18527f64380da621,60adae1bdd885e7685389d850677fc60b14f76bce8abbaaab56377de209d2464,248,1,10000000,1996-01-03,2015-10-16,201.73383451992322,180.44339857417165,,0.050272923476234625,0.07188024428159473,-0.021607320805360104,0,0.3231445038874208,1.431761473934544,365,0.5465337808949621,0.034428392079617696,4983,-0.3713539758970853,8.676578373168002,53,0.00018988309427909528,0.576520604505468,0.4192757808001526,0.0496352786174481,0.16603067288718054,-0.11639539426973244,2,4,0,1
M0081,M0081-A-W6,dev,fd2bc190e915b0528be1520bc35ae562c5567608f581481d6e329d9143dfa753,5451195fd552e208eaadfc6bc89241b9b8e3e6ccb0f4c447a84bbc4f32e7d90a,249,1,10000000,1996-01-03,2015-10-16,168.2544305472824,168.2544305472824,1,0.03365095733293672,0.07188024428159473,-0.03822928694865801,0,0.297065210767237,1.457622105582632,185,0.454257537517757,0.028615535129727972,4983,-0.46574538684051614,9.463685205150787,53,0.00018988309427909528,0.4151817950594057,0.4151817950594057,0.03777685474123671,0.16603067288718054,-0.12825381814594383,1,4,0,1
M0081,M0081-A-W6,survivorship,9de544767f3d110decd97270c8f9b0973f6b5bff4243f60e18527f64380da621,60adae1bdd885e7685389d850677fc60b14f76bce8abbaaab56377de209d2464,249,1,10000000,1996-01-03,2015-10-16,196.02983193559734,168.2544305472824,,0.047676228114495,0.07188024428159473,-0.02420401616709973,0,0.32105724171783556,1.4881698221634858,318,0.5678169665310034,0.03576910675343199,4983,-0.3998838213588204,9.491126861808466,53,0.00018988309427909528,0.6128102563034127,0.4151817950594057,0.044950961728458694,0.16603067288718054,-0.12107971115872185,2,4,0,1
M0081,M0081-X-W6,dev,fd2bc190e915b0528be1520bc35ae562c5567608f581481d6e329d9143dfa753,5451195fd552e208eaadfc6bc89241b9b8e3e6ccb0f4c447a84bbc4f32e7d90a,250,1,10000000,1996-01-03,2015-10-16,165.26856383947478,165.26856383947478,1,0.031984626093132885,0.07188024428159473,-0.039895618188461844,0,0.32824837111488864,1.420583159983084,182,0.45044102288519977,0.028375117306090495,4983,-0.4888323145613679,9.435070203188733,53,0.00018988309427909528,0.4086494171910312,0.4086494171910312,0.032758561099831995,0.16603067288718054,-0.13327211178734855,1,4,0,1
M0081,M0081-X-W6,survivorship,9de544767f3d110decd97270c8f9b0973f6b5bff4243f60e18527f64380da621,60adae1bdd885e7685389d850677fc60b14f76bce8abbaaab56377de209d2464,250,1,10000000,1996-01-03,2015-10-16,189.51584083894247,165.26856383947478,,0.044602634601167396,0.07188024428159473,-0.027277609680427334,0,0.3605750655182,1.4359227786380895,316,0.5523119902451379,0.034792385054946286,4983,-0.41297293021090486,9.627637302160782,53,0.00018988309427909528,0.5864001538395721,0.4086494171910312,0.0373628358824829,0.16603067288718054,-0.12866783700469764,2,4,0,1
M0081,M0081-A-M12,dev,fd2bc190e915b0528be1520bc35ae562c5567608f581481d6e329d9143dfa753,5451195fd552e208eaadfc6bc89241b9b8e3e6ccb0f4c447a84bbc4f32e7d90a,251,1,10000000,1996-01-03,2015-10-16,287.1457087355272,287.1457087355272,1,0.08144804007366052,0.07188024428159473,0.009567795792065792,1,0.278183018035839,2.8220793650334746,125,0.701342374834205,0.0441804168505412,4983,-0.42850280114437106,12.448741376499463,53,0.00018988309427909528,0.8084369938720128,0.8084369938720128,0.09145596791750377,0.16603067288718054,-0.07457470496967677,1,4,0,1
M0081,M0081-A-M12,survivorship,9de544767f3d110decd97270c8f9b0973f6b5bff4243f60e18527f64380da621,60adae1bdd885e7685389d850677fc60b14f76bce8abbaaab56377de209d2464,251,1,10000000,1996-01-03,2015-10-16,329.4549882706686,287.1457087355272,,0.09325424556672274,0.07188024428159473,0.021374001285128008,1,0.32063167335115594,2.235287391510068,164,0.7748272050731166,0.048809526039779456,4983,-0.30761084029199876,11.590598660670858,53,0.00018988309427909528,0.8843123590803931,0.8084369938720128,0.09302580349646261,0.16603067288718054,-0.07300486939071793,2,4,0,1
M0081,M0081-X-M12,dev,fd2bc190e915b0528be1520bc35ae562c5567608f581481d6e329d9143dfa753,5451195fd552e208eaadfc6bc89241b9b8e3e6ccb0f4c447a84bbc4f32e7d90a,252,1,10000000,1996-01-03,2015-10-16,282.7914659631735,282.7914659631735,1,0.08012538777963535,0.07188024428159473,0.008245143498040619,1,0.2898083285466967,2.549590014158031,122,0.6874965853380213,0.043308214095487726,4983,-0.446302848163507,11.598641107384276,53,0.00018988309427909528,0.7914366601209897,0.7914366601209897,0.0928146350094341,0.16603067288718054,-0.07321603787774644,1,4,0,1
M0081,M0081-X-M12,survivorship,9de544767f3d110decd97270c8f9b0973f6b5bff4243f60e18527f64380da621,60adae1bdd885e7685389d850677fc60b14f76bce8abbaaab56377de209d2464,252,1,10000000,1996-01-03,2015-10-16,320.7506656063483,282.7914659631735,,0.09096674328715931,0.07188024428159473,0.019086499005564583,1,0.34788605910605214,2.2273557186756134,161,0.7569724221207743,0.04768478043489888,4983,-0.2996228094274576,10.353441975854635,53,0.00018988309427909528,0.8684747147299716,0.7914366601209897,0.09815390309155858,0.16603067288718054,-0.06787676979562196,2,4,0,1
M0082,M0082-D-N20,dev,fd2bc190e915b0528be1520bc35ae562c5567608f581481d6e329d9143dfa753,5451195fd552e208eaadfc6bc89241b9b8e3e6ccb0f4c447a84bbc4f32e7d90a,253,1,10000000,1996-01-03,2015-10-16,273.2348056426262,273.2348056426262,1,0.07714164551538291,0.07188024428159473,0.005261401233788182,1,0.2974170725067458,2.7507595935564573,471,0.6875569495519301,0.04331201668353775,4983,-0.19881057186693987,10.547376248292563,54,0.00018690079266540203,0.795843331749956,0.795843331749956,0.10354635070659768,0.16603067288718054,-0.06248432218058286,1,4,0,1
M0082,M0082-D-N20,survivorship,9de544767f3d110decd97270c8f9b0973f6b5bff4243f60e18527f64380da621,60adae1bdd885e7685389d850677fc60b14f76bce8abbaaab56377de209d2464,253,1,10000000,1996-01-03,2015-10-16,259.8834511921219,273.2348056426262,,0.07277319726647749,0.07188024428159473,0.0008929529848827611,1,0.29533492646632153,2.554878044015459,470,0.6686789731691639,0.042122815951038894,4983,-0.2134144266125239,10.709960431791794,54,0.00018690079266540203,0.771378798467724,0.795843331749956,0.09202119013005028,0.16603067288718054,-0.07400948275713026,1,4,0,1
M0082,M0082-X-N20,dev,fd2bc190e915b0528be1520bc35ae562c5567608f581481d6e329d9143dfa753,5451195fd552e208eaadfc6bc89241b9b8e3e6ccb0f4c447a84bbc4f32e7d90a,254,1,10000000,1996-01-03,2015-10-16,284.7935102340777,284.7935102340777,1,0.08073630899011006,0.07188024428159473,0.008856064708515327,1,0.3557883064898795,3.1873577284884997,480,0.7165171076214752,0.04513633516404169,4983,-0.3528331360554144,10.872755301768477,54,0.00018690079266540203,0.8292263084969367,0.8292263084969367,0.09195586730480665,0.16603067288718054,-0.07407480558237389,1,4,0,1
M0082,M0082-X-N20,survivorship,9de544767f3d110decd97270c8f9b0973f6b5bff4243f60e18527f64380da621,60adae1bdd885e7685389d850677fc60b14f76bce8abbaaab56377de209d2464,254,1,10000000,1996-01-03,2015-10-16,255.15497385106482,284.7935102340777,,0.07116580571767564,0.07188024428159473,-0.0007144385639190898,0,0.3549275469318392,2.5015943921806474,475,0.6555930440670752,0.0412984799015551,4983,-0.3554149260528812,9.955205760962565,54,0.00018690079266540203,0.7529624116592165,0.8292263084969367,0.08331088051969182,0.16603067288718054,-0.08271979236748872,1,4,0,1
M0082,M0082-D-N40,dev,fd2bc190e915b0528be1520bc35ae562c5567608f581481d6e329d9143dfa753,5451195fd552e208eaadfc6bc89241b9b8e3e6ccb0f4c447a84bbc4f32e7d90a,255,1,10000000,1996-01-03,2015-10-16,314.14031634786164,314.14031634786164,1,0.08918366200212213,0.07188024428159473,0.017303417720527403,1,0.2310504964406616,3.686255937707278,817,0.8080267474207967,0.050900900627710015,4983,-0.34635058989296674,10.182544353928028,54,0.00018690079266540203,0.91182213900902,0.91182213900902,0.11112187716017652,0.16603067288718054,-0.05490879572700402,1,4,0,1
M0082,M0082-D-N40,survivorship,9de544767f3d110decd97270c8f9b0973f6b5bff4243f60e18527f64380da621,60adae1bdd885e7685389d850677fc60b14f76bce8abbaaab56377de209d2464,255,1,10000000,1996-01-03,2015-10-16,302.0471917141532,314.14031634786164,,0.08581248732528621,0.07188024428159473,0.013932243043691478,1,0.2206409689108952,2.9918089165624555,818,0.7898537096247357,0.04975610685211597,4983,-0.3564090179109365,10.168809522259878,54,0.00018690079266540203,0.8983665596541915,0.91182213900902,0.10632175341792016,0.16603067288718054,-0.05970891946926038,1,4,0,1
M0082,M0082-X-N40,dev,fd2bc190e915b0528be1520bc35ae562c5567608f581481d6e329d9143dfa753,5451195fd552e208eaadfc6bc89241b9b8e3e6ccb0f4c447a84bbc4f32e7d90a,256,1,10000000,1996-01-03,2015-10-16,320.58662813010227,320.58662813010227,1,0.09092298448461583,0.07188024428159473,0.019042740203021102,1,0.2704021889654325,3.626640048760114,950,0.8394019647128448,0.052877353539267535,4983,-0.3673848716499223,10.145517425061826,54,0.00018690079266540203,0.9316668468651967,0.9316668468651967,0.1169545418116118,0.16603067288718054,-0.04907613107556874,1,4,0,1
M0082,M0082-X-N40,survivorship,9de544767f3d110decd97270c8f9b0973f6b5bff4243f60e18527f64380da621,60adae1bdd885e7685389d850677fc60b14f76bce8abbaaab56377de209d2464,256,1,10000000,1996-01-03,2015-10-16,283.49559377879723,320.58662813010227,,0.08034079541814007,0.07188024428159473,0.008460551136545341,1,0.2887277548245441,2.7960181123873156,923,0.7456313457579404,0.046970359776426135,4983,-0.3745955942619948,10.046452196899425,54,0.00018690079266540203,0.8595651517777575,0.9316668468651967,0.10320692488538752,0.16603067288718054,-0.06282374800179302,1,4,0,1
M0082,M0082-D-EARLY-N20,dev,fd2bc190e915b0528be1520bc35ae562c5567608f581481d6e329d9143dfa753,5451195fd552e208eaadfc6bc89241b9b8e3e6ccb0f4c447a84bbc4f32e7d90a,257,1,10000000,1996-01-03,2015-10-16,283.95983084092376,283.95983084092376,1,0.08048249185847828,0.07188024428159473,0.008602247576883548,1,0.24183569660710844,3.070335810985295,464,0.7076201309167212,0.04457587831211013,4983,-0.3079065764352671,10.705448122897964,54,0.00018690079266540203,0.8193888905404385,0.8193888905404385,0.10456340571747469,0.16603067288718054,-0.06146726716970585,1,4,0,1
M0082,M0082-D-EARLY-N20,survivorship,9de544767f3d110decd97270c8f9b0973f6b5bff4243f60e18527f64380da621,60adae1bdd885e7685389d850677fc60b14f76bce8abbaaab56377de209d2464,257,1,10000000,1996-01-03,2015-10-16,278.70160686558785,283.95983084092376,,0.07886235734629232,0.07188024428159473,0.006982113064697593,1,0.24536011340749583,2.733933263745149,469,0.6997846849875756,0.04408229161354376,4983,-0.2863216234288186,10.568801933770406,54,0.00018690079266540203,0.8103181069702489,0.8193888905404385,0.10383374888675379,0.16603067288718054,-0.062196924000426757,1,4,0,1
M0083,M0083-A-UP,dev,fd2bc190e915b0528be1520bc35ae562c5567608f581481d6e329d9143dfa753,5451195fd552e208eaadfc6bc89241b9b8e3e6ccb0f4c447a84bbc4f32e7d90a,264,1,10000000,1996-01-03,2015-10-16,350.2279831375458,350.2279831375458,1,0.09845698697704794,0.07188024428159473,0.02657674269545321,1,0.19936702175923307,2.6789604146009154,505,0.7980206206467249,0.05027057388887198,4983,-0.43214281779896097,10.105796219223846,56,0.0002136674838298814,0.8727904612365316,0.8727904612365316,0.12871212422242073,0.16603067288718054,-0.03731854866475981,2,4,0,0
M0083,M0083-A-UP,survivorship,9de544767f3d110decd97270c8f9b0973f6b5bff4243f60e18527f64380da621,60adae1bdd885e7685389d850677fc60b14f76bce8abbaaab56377de209d2464,264,1,10000000,1996-01-03,2015-10-16,369.7282980162402,350.2279831375458,,0.10304425794361671,0.07188024428159473,0.031164013662021983,1,0.22150159337892972,2.275682535876249,636,0.8351366183386277,0.052608661973511946,4983,-0.413695833320674,10.358523562670173,56,0.0002136674838298814,0.9035429645192172,0.8727904612365316,0.11724017884795535,0.16603067288718054,-0.048790494039225196,2,4,0,0
M0083,M0083-X-UP,dev,fd2bc190e915b0528be1520bc35ae562c5567608f581481d6e329d9143dfa753,5451195fd552e208eaadfc6bc89241b9b8e3e6ccb0f4c447a84bbc4f32e7d90a,265,1,10000000,1996-01-03,2015-10-16,385.07416525538065,385.07416525538065,1,0.10647364433099799,0.07188024428159473,0.034593400049403256,1,0.2112812267590606,2.9316772760541654,495,0.856162191330893,0.05393314857613447,4983,-0.44263750352001013,10.036738037184186,56,0.0002136674838298814,0.9181459773175642,0.9181459773175642,0.127955218382229,0.16603067288718054,-0.038075454504951534,2,4,0,0
M0083,M0083-X-UP,survivorship,9de544767f3d110decd97270c8f9b0973f6b5bff4243f60e18527f64380da621,60adae1bdd885e7685389d850677fc60b14f76bce8abbaaab56377de209d2464,265,1,10000000,1996-01-03,2015-10-16,399.1277680918015,385.07416525538065,,0.10948720370575371,0.07188024428159473,0.03760695942415898,1,0.23049542466177955,2.402975949035303,634,0.8807659474754941,0.05548303953034166,4983,-0.4407557271482817,9.637707723440059,56,0.0002136674838298814,0.9331925189170049,0.9181459773175642,0.12047387120392239,0.16603067288718054,-0.04555680168325815,2,4,0,0
M0083,M0083-A-DN,dev,fd2bc190e915b0528be1520bc35ae562c5567608f581481d6e329d9143dfa753,5451195fd552e208eaadfc6bc89241b9b8e3e6ccb0f4c447a84bbc4f32e7d90a,266,1,10000000,1996-01-03,2015-10-16,311.08138217903416,311.08138217903416,1,0.08834456816471722,0.07188024428159473,0.016464323883122495,1,0.20967699145173443,2.577570122455562,428,0.7845394078012009,0.049421337304091255,4983,-0.4573574738008907,10.099424080738718,56,0.0002136674838298814,0.85997068757937,0.85997068757937,0.10063348635683456,0.16603067288718054,-0.06539718653034599,2,4,0,0
M0083,M0083-A-DN,survivorship,9de544767f3d110decd97270c8f9b0973f6b5bff4243f60e18527f64380da621,60adae1bdd885e7685389d850677fc60b14f76bce8abbaaab56377de209d2464,266,1,10000000,1996-01-03,2015-10-16,291.02969118041983,311.08138217903416,,0.0826092748337098,0.07188024428159473,0.010729030552115076,1,0.24248471425109058,2.0499609210037733,566,0.7440795546767545,0.0468726061267237,4983,-0.4243440672658385,9.978892315980255,56,0.0002136674838298814,0.8170657509159791,0.85997068757937,0.10220394136305533,0.16603067288718054,-0.06382673152412521,2,4,0,0
M0083,M0083-X-DN,dev,fd2bc190e915b0528be1520bc35ae562c5567608f581481d6e329d9143dfa753,5451195fd552e208eaadfc6bc89241b9b8e3e6ccb0f4c447a84bbc4f32e7d90a,267,1,10000000,1996-01-03,2015-10-16,308.2527107574725,308.2527107574725,1,0.0875605384440869,0.07188024428159473,0.01568029416249217,1,0.2546180007148148,2.4963313366690976,427,0.7547893485276078,0.04754725972486942,4983,-0.43189703522485184,10.245517814046153,56,0.0002136674838298814,0.8291579209312641,0.8291579209312641,0.1127536529556874,0.16603067288718054,-0.05327701993149314,2,4,0,0
M0083,M0083-X-DN,survivorship,9de544767f3d110decd97270c8f9b0973f6b5bff4243f60e18527f64380da621,60adae1bdd885e7685389d850677fc60b14f76bce8abbaaab56377de209d2464,267,1,10000000,1996-01-03,2015-10-16,280.8413977221187,308.2527107574725,,0.07952570823558758,0.07188024428159473,0.007645463953992848,1,0.28134786823861013,1.9769736083360183,563,0.7090164283416548,0.04466383678217314,4983,-0.4021497590994112,10.284674215051991,56,0.0002136674838298814,0.7736900144824461,0.8291579209312641,0.10487147937284491,0.16603067288718054,-0.06115919351433563,2,4,0,0
M0083,M0083-A-UP-D,dev,fd2bc190e915b0528be1520bc35ae562c5567608f581481d6e329d9143dfa753,5451195fd552e208eaadfc6bc89241b9b8e3e6ccb0f4c447a84bbc4f32e7d90a,268,1,10000000,1996-01-03,2015-10-16,350.38239916920037,350.38239916920037,1,0.09849439194075962,0.07188024428159473,0.026614147659164894,1,0.21272427529167215,2.7703868115803862,487,0.7959099590614036,0.05013761470657237,4983,-0.4411420702237799,10.667053908915763,56,0.0002136674838298814,0.8707680587269855,0.8707680587269855,0.1294253094226292,0.16603067288718054,-0.036605363464551344,2,4,0,0
M0083,M0083-A-UP-D,survivorship,9de544767f3d110decd97270c8f9b0973f6b5bff4243f60e18527f64380da621,60adae1bdd885e7685389d850677fc60b14f76bce8abbaaab56377de209d2464,268,1,10000000,1996-01-03,2015-10-16,339.20540245418135,350.38239916920037,,0.09573953236956312,0.07188024428159473,0.02385928808796839,1,0.2083522724585218,2.4454380274823673,516,0.7815390971825439,0.049232335500450496,4983,-0.4477393895882004,10.492556755559832,56,0.0002136674838298814,0.8570638052583921,0.8707680587269855,0.1254964251780657,0.16603067288718054,-0.040534247709114846,2,4,0,0
M0083,M0083-X-UP-D,dev,fd2bc190e915b0528be1520bc35ae562c5567608f581481d6e329d9143dfa753,5451195fd552e208eaadfc6bc89241b9b8e3e6ccb0f4c447a84bbc4f32e7d90a,269,1,10000000,1996-01-03,2015-10-16,390.7162001927522,390.7162001927522,1,0.10769751234001781,0.07188024428159473,0.035817268058423085,1,0.19916878644432665,3.0522149403101633,477,0.8619160262389758,0.05429560610593766,4983,-0.45371942767686285,10.217133042912673,56,0.0002136674838298814,0.9217928210014293,0.9217928210014293,0.13154847227896505,0.16603067288718054,-0.034482200608215496,2,4,0,0
M0083,M0083-X-UP-D,survivorship,9de544767f3d110decd97270c8f9b0973f6b5bff4243f60e18527f64380da621,60adae1bdd885e7685389d850677fc60b14f76bce8abbaaab56377de209d2464,269,1,10000000,1996-01-03,2015-10-16,388.9847312240275,390.7162001927522,,0.10732396157945542,0.07188024428159473,0.035443717297860694,1,0.20069554381988522,2.6917230118961335,506,0.8567184243188826,0.0539681879608297,4983,-0.45419724902057507,9.915812685121008,56,0.0002136674838298814,0.9184567541152326,0.9217928210014293,0.13281314719749826,0.16603067288718054,-0.03321752568968228,2,4,0,0
M0085,M0085-HOST-M,dev,fd2bc190e915b0528be1520bc35ae562c5567608f581481d6e329d9143dfa753,5451195fd552e208eaadfc6bc89241b9b8e3e6ccb0f4c447a84bbc4f32e7d90a,270,1,10000000,1996-01-03,2015-10-16,397.0689748381916,397.0689748381916,1,0.10905294566413232,0.07188024428159473,0.03717270138253759,1,0.21925758592267994,2.8135223635865043,540,0.8727095287032974,0.05497553285107862,4983,-0.405999460368115,9.990978583181192,57,0.00021219243039906563,0.9288836440990969,0.9288836440990969,0.13625454966833472,0.16603067288718054,-0.029776123218845818,2,4,0,0
M0085,M0085-HOST-M,survivorship,9de544767f3d110decd97270c8f9b0973f6b5bff4243f60e18527f64380da621,60adae1bdd885e7685389d850677fc60b14f76bce8abbaaab56377de209d2464,270,1,10000000,1996-01-03,2015-10-16,373.00932465041666,397.0689748381916,,0.10379025811899917,0.07188024428159473,0.03191001383740444,1,0.2237761575952968,2.403704328007784,599,0.8410761607204161,0.05298281797455189,4983,-0.3451521161397834,9.600486019561043,57,0.00021219243039906563,0.9085670078903292,0.9288836440990969,0.13195806057782344,0.16603067288718054,-0.0340726123093571,2,4,0,0
M0085,M0085-DECL-M,dev,fd2bc190e915b0528be1520bc35ae562c5567608f581481d6e329d9143dfa753,5451195fd552e208eaadfc6bc89241b9b8e3e6ccb0f4c447a84bbc4f32e7d90a,271,1,10000000,1996-01-03,2015-10-16,376.1376957729276,376.1376957729276,1,0.10449496567259059,0.07188024428159473,0.03261472139099586,1,0.2132046770959335,2.557162780555923,583,0.8532544710415949,0.053749979415000614,4983,-0.3978677119959222,9.882981771275942,57,0.00021219243039906563,0.916688719068012,0.916688719068012,0.12723467268694333,0.16603067288718054,-0.03879600020023721,2,4,0,0
M0085,M0085-DECL-M,survivorship,9de544767f3d110decd97270c8f9b0973f6b5bff4243f60e18527f64380da621,60adae1bdd885e7685389d850677fc60b14f76bce8abbaaab56377de209d2464,271,1,10000000,1996-01-03,2015-10-16,345.21657260582566,376.1376957729276,,0.09723321293414114,0.07188024428159473,0.02535296865254641,1,0.25057904135148007,2.2186627394447935,621,0.8073168379954678,0.050856180537405905,4983,-0.3267427164590318,9.895249293823525,57,0.00021219243039906563,0.8819519383158035,0.916688719068012,0.12260696293017381,0.16603067288718054,-0.04342370995700673,2,4,0,0
M0085,M0085-EX-M,dev,fd2bc190e915b0528be1520bc35ae562c5567608f581481d6e329d9143dfa753,5451195fd552e208eaadfc6bc89241b9b8e3e6ccb0f4c447a84bbc4f32e7d90a,272,1,10000000,1996-01-03,2015-10-16,404.6140693082015,404.6140693082015,1,0.11063274623951652,0.07188024428159473,0.03875250195792179,1,0.21951817611986837,2.8465580873731913,543,0.878347003160798,0.055330660361483534,4983,-0.41413110702365413,10.054888898341943,57,0.00021219243039906563,0.9321119281022614,0.9321119281022614,0.13950160738640616,0.16603067288718054,-0.026529065500774385,2,4,0,0
M0085,M0085-EX-M,survivorship,9de544767f3d110decd97270c8f9b0973f6b5bff4243f60e18527f64380da621,60adae1bdd885e7685389d850677fc60b14f76bce8abbaaab56377de209d2464,272,1,10000000,1996-01-03,2015-10-16,361.0116141025965,404.6140693082015,,0.10102699776430421,0.07188024428159473,0.02914675348270948,1,0.23184568827224863,2.3413509122675555,602,0.8265122134802876,0.05206537553396081,4983,-0.3649163802361458,9.826427584380971,57,0.00021219243039906563,0.8975282384112575,0.9321119281022614,0.12608903016948347,0.16603067288718054,-0.03994164271769707,2,4,0,0
M0085,M0085-HOST-W,dev,fd2bc190e915b0528be1520bc35ae562c5567608f581481d6e329d9143dfa753,5451195fd552e208eaadfc6bc89241b9b8e3e6ccb0f4c447a84bbc4f32e7d90a,273,1,10000000,1996-01-03,2015-10-16,367.88238668608057,367.88238668608057,1,0.10262139953156785,0.07188024428159473,0.030741155249973118,1,0.2574237786700366,2.59927541259439,536,0.8540748220975866,0.05380165667409417,4983,-0.38874621960862654,9.802564968455412,57,0.00021219243039906563,0.9172919433063016,0.9172919433063016,0.13400410170440136,0.16603067288718054,-0.032026571182779184,2,4,0,0
M0085,M0085-HOST-W,survivorship,9de544767f3d110decd97270c8f9b0973f6b5bff4243f60e18527f64380da621,60adae1bdd885e7685389d850677fc60b14f76bce8abbaaab56377de209d2464,273,1,10000000,1996-01-03,2015-10-16,322.2773753216404,367.88238668608057,,0.09137283860555134,0.07188024428159473,0.019492594323956614,1,0.25709838314783967,2.142266307447055,587,0.8016718454337207,0.05050057943094848,4983,-0.33220828431369076,9.330521759655879,57,0.00021219243039906563,0.8770034292181019,0.9172919433063016,0.11676770214827381,0.16603067288718054,-0.04926297073890673,2,4,0,0
M0085,M0085-DECL-W,dev,fd2bc190e915b0528be1520bc35ae562c5567608f581481d6e329d9143dfa753,5451195fd552e208eaadfc6bc89241b9b8e3e6ccb0f4c447a84bbc4f32e7d90a,274,1,10000000,1996-01-03,2015-10-16,353.77047807788125,353.77047807788125,1,0.09931062315041608,0.07188024428159473,0.027430378868821353,1,0.25999784436956336,2.431023452903365,624,0.8366996391985763,0.052707123032784374,4983,-0.3815602845388193,9.792482851334022,57,0.00021219243039906563,0.9051628169608307,0.9051628169608307,0.12845558142774882,0.16603067288718054,-0.03757509145943172,2,4,0,0
M0085,M0085-DECL-W,survivorship,9de544767f3d110decd97270c8f9b0973f6b5bff4243f60e18527f64380da621,60adae1bdd885e7685389d850677fc60b14f76bce8abbaaab56377de209d2464,274,1,10000000,1996-01-03,2015-10-16,319.2566891917628,353.77047807788125,,0.09056730086360726,0.07188024428159473,0.01868705658201253,1,0.27689334690652456,2.054956464044582,644,0.7966668370925761,0.05018529354093586,4983,-0.34157736682159995,9.872737846209603,57,0.00021219243039906563,0.8723913188942403,0.9051628169608307,0.10927075447479062,0.16603067288718054,-0.05675991841238992,2,4,0,0
M0085,M0085-EX-W,dev,fd2bc190e915b0528be1520bc35ae562c5567608f581481d6e329d9143dfa753,5451195fd552e208eaadfc6bc89241b9b8e3e6ccb0f4c447a84bbc4f32e7d90a,275,1,10000000,1996-01-03,2015-10-16,359.9740806422341,359.9740806422341,1,0.10078337523019637,0.07188024428159473,0.02890313094860164,1,0.2546265753723739,2.55642847667475,543,0.8453634852203593,0.05325289403209267,4983,-0.38844948169783616,9.797191221743335,57,0.00021219243039906563,0.9113485993316879,0.9113485993316879,0.13033940666646648,0.16603067288718054,-0.03569126622071406,2,4,0,0
M0085,M0085-EX-W,survivorship,9de544767f3d110decd97270c8f9b0973f6b5bff4243f60e18527f64380da621,60adae1bdd885e7685389d850677fc60b14f76bce8abbaaab56377de209d2464,275,1,10000000,1996-01-03,2015-10-16,297.6703424119756,359.9740806422341,,0.08455562815793313,0.07188024428159473,0.012675383876338403,1,0.26063617158881014,1.9946605852842645,595,0.7684813776208756,0.04840977648497983,4983,-0.34276605120304654,9.532681316241415,57,0.00021219243039906563,0.844806505274121,0.9113485993316879,0.10806447596276736,0.16603067288718054,-0.05796619692441318,2,4,0,0
M0086,M0086-HOST,dev,fd2bc190e915b0528be1520bc35ae562c5567608f581481d6e329d9143dfa753,5451195fd552e208eaadfc6bc89241b9b8e3e6ccb0f4c447a84bbc4f32e7d90a,276,1,10000000,1996-01-03,2015-10-16,563.3859123672188,563.3859123672188,1,0.13808533432137182,0.07188024428159473,0.06620509003977709,1,0.23257912379147647,2.0536706691683815,1162,0.8304221151935022,0.05231167619071936,4983,-0.1965945284307574,10.192855481347296,58,0.0002099521089634754,0.9025094927686705,0.9025094927686705,0.1473307780999351,0.16603067288718054,-0.01869989478724543,3,4,1,0
M0086,M0086-HOST,survivorship,9de544767f3d110decd97270c8f9b0973f6b5bff4243f60e18527f64380da621,60adae1bdd885e7685389d850677fc60b14f76bce8abbaaab56377de209d2464,276,1,10000000,1996-01-03,2015-10-16,670.2151628134903,563.3859123672188,,0.15227978971254527,0.07188024428159473,0.08039954543095054,1,0.28653135191027407,2.1442387313750704,1222,0.8359805832441107,0.05266182676530059,4983,-0.18435142038419372,10.45701694339448,58,0.0002099521089634754,0.9066987438789775,0.9025094927686705,0.16700135280938744,0.16603067288718054,0.0009706799222068963,3,4,1,0
M0086,M0086-TILT-ANN,dev,fd2bc190e915b0528be1520bc35ae562c5567608f581481d6e329d9143dfa753,5451195fd552e208eaadfc6bc89241b9b8e3e6ccb0f4c447a84bbc4f32e7d90a,277,1,10000000,1996-01-03,2015-10-16,516.4255517138844,516.4255517138844,1,0.13092234629930868,0.07188024428159473,0.059042102017713954,1,0.2364892378602502,1.9057243219342437,1327,0.7913676876763999,0.04985147850485678,4983,-0.21078388982627383,10.57798389353603,58,0.0002099521089634754,0.8694552643249789,0.8694552643249789,0.14681213408843807,0.16603067288718054,-0.01921853879874247,3,4,1,0
M0086,M0086-TILT-ANN,survivorship,9de544767f3d110decd97270c8f9b0973f6b5bff4243f60e18527f64380da621,60adae1bdd885e7685389d850677fc60b14f76bce8abbaaab56377de209d2464,277,1,10000000,1996-01-03,2015-10-16,620.3950028791196,516.4255517138844,,0.1459798979956353,0.07188024428159473,0.07409965371404056,1,0.2861722748888167,1.9173923298087678,1400,0.8125370846193493,0.05118502516476836,4983,-0.2402686544656479,10.598526312942473,58,0.0002099521089634754,0.8879903261421707,0.8694552643249789,0.15478612440026684,0.16603067288718054,-0.011244548486913697,3,4,1,0
M0086,M0086-TILT-EX,dev,fd2bc190e915b0528be1520bc35ae562c5567608f581481d6e329d9143dfa753,5451195fd552e208eaadfc6bc89241b9b8e3e6ccb0f4c447a84bbc4f32e7d90a,278,1,10000000,1996-01-03,2015-10-16,564.4263599958902,564.4263599958902,1,0.13823681492479775,0.07188024428159473,0.06635657064320302,1,0.231916599304816,1.9829461228012821,1388,0.8295316572770934,0.052255582614534474,4983,-0.20982225659241163,10.408215360162625,58,0.0002099521089634754,0.9017418004536789,0.9017418004536789,0.15105827372125824,0.16603067288718054,-0.014972399165922301,3,4,1,0
M0086,M0086-TILT-EX,survivorship,9de544767f3d110decd97270c8f9b0973f6b5bff4243f60e18527f64380da621,60adae1bdd885e7685389d850677fc60b14f76bce8abbaaab56377de209d2464,278,1,10000000,1996-01-03,2015-10-16,531.8980977325854,564.4263599958902,,0.13335587980527377,0.07188024428159473,0.061475635523679045,1,0.28475682447260997,1.7828851488150401,1517,0.7721800010015123,0.04864276785779921,4983,-0.2547731707373918,10.600528243067703,58,0.0002099521089634754,0.850452223426142,0.9017418004536789,0.1433191055443086,0.16603067288718054,-0.02271156734287194,3,4,1,0
M0086,M0086-TILT-ANN-D,dev,fd2bc190e915b0528be1520bc35ae562c5567608f581481d6e329d9143dfa753,5451195fd552e208eaadfc6bc89241b9b8e3e6ccb0f4c447a84bbc4f32e7d90a,279,1,10000000,1996-01-03,2015-10-16,539.1916291719627,539.1916291719627,1,0.1344771806306654,0.07188024428159473,0.06259693634907068,1,0.23649035545017866,1.945511937362217,1318,0.8057335539715226,0.05075644301878378,4983,-0.19836172698961566,10.690335315269259,58,0.0002099521089634754,0.8824380873266017,0.8824380873266017,0.15145057043419907,0.16603067288718054,-0.01458010245298147,3,4,1,0
M0086,M0086-TILT-ANN-D,survivorship,9de544767f3d110decd97270c8f9b0973f6b5bff4243f60e18527f64380da621,60adae1bdd885e7685389d850677fc60b14f76bce8abbaaab56377de209d2464,279,1,10000000,1996-01-03,2015-10-16,617.063532918147,539.1916291719627,,0.14553990634227545,0.07188024428159473,0.07365966206068073,1,0.28617518214427784,1.918280238454896,1383,0.8135701835855139,0.05125010428248589,4983,-0.23788625222211487,10.596274767887438,58,0.0002099521089634754,0.8888653586755041,0.8824380873266017,0.15453649654159718,0.16603067288718054,-0.011494176345583362,3,4,1,0
M0086,M0086-TILT-EX-D,dev,fd2bc190e915b0528be1520bc35ae562c5567608f581481d6e329d9143dfa753,5451195fd552e208eaadfc6bc89241b9b8e3e6ccb0f4c447a84bbc4f32e7d90a,280,1,10000000,1996-01-03,2015-10-16,565.3568128546686,565.3568128546686,1,0.13837203230333064,0.07188024428159473,0.06649178802173591,1,0.23172437092411338,1.978258164753446,1374,0.8281685008638509,0.052169711831973914,4983,-0.1975260711896709,10.56030139247304,58,0.0002099521089634754,0.9007603221718684,0.9007603221718684,0.1518275092569119,0.16603067288718054,-0.014203163630268634,3,4,1,0
M0086,M0086-TILT-EX-D,survivorship,9de544767f3d110decd97270c8f9b0973f6b5bff4243f60e18527f64380da621,60adae1bdd885e7685389d850677fc60b14f76bce8abbaaab56377de209d2464,280,1,10000000,1996-01-03,2015-10-16,578.3421177420661,565.3568128546686,,0.14023503554626643,0.07188024428159473,0.0683547912646717,1,0.28468047350588654,1.8687768833056557,1462,0.7966257610323202,0.050182705992359085,4983,-0.2622234294491312,10.55731516909327,58,0.0002099521089634754,0.8739945402732006,0.9007603221718684,0.15322113873654453,0.16603067288718054,-0.012809534150636015,3,4,1,0
